,id,name,address,city,state,zip,county,phone,type,ownership,emergency,quality,LAT,LON
0,10000,"""МБАЛ-Дулово"" ЕООД (Болница)","ул. ""Розова долина"" 37",Дулово,Силистра,7650,,+359 855 3029;+359 855 3200;+359 864 23200,,,,,43.8220369,27.1474586
1,10001,16 ДКЦ,,София,София-град,1849,,,,,Yes,,42.7378805,23.5080853
2,10002,2 ДКЦ,бул. 25-ти Септември 68,Добрич,Добрич,9300,,,,,,,43.5780139,27.8286141
3,10003,20-ти ДКЦ,Ген. Стефан Тошев 15-17,София,София-град,1606,,,,,,,42.6727834,23.2827146
4,10004,23-ти ДКЦ,Клисура 20,София,София-град,1517,,,,,,,42.7068985,23.3533343
5,10005,25 ДКЦ,Свето Преображение 20,София,София-град,1729,,,,,,,42.6403198,23.3821525
6,10006,29-ти ДКЦ,Георги Измирлиев 8,София,София-град,1408,,,,,,,42.6647272,23.2962786
7,10007,2ра поликлиника,,Стара Загора,Стара Загора,6000,,,,,No,,42.4305161,25.6263868
8,10008,3 ДКЦ,,Пловдив,Пловдив,4000,,,,,,,42.1691595,24.7458565
9,10009,4 ДКЦ,,Пловдив,Пловдив,4001,,,,,,,42.13047,24.7143654
10,10010,5-то ДКЦ,,Пловдив,Пловдив,4023,,,,,,,42.1321695,24.7932408
11,10011,7-ми ДКЦ,,София,София-град,1220,,,,,No,,42.7125595,23.3154139
12,10012,AГО Хасково,Единство 737.1.7,Хасково,Хасково,6300,,,,,No,,41.9372059,25.5653265
13,10013,City Clinic,,София,София-град,1421,,,,,,,42.6402491,23.3180721
14,10014,Medical Center,,Несебър,Бургас,8256,,,,,,,42.7114026,27.759946
15,10015,Medline,,Пловдив,Пловдив,4000,,,,,,,42.1386642,24.739922
16,10016,MБАЛНП “Св. Наум”,Д-р Любен Русев 1,София,София-град,1113,,+359 (2) 9702 300,,,,,42.6668882,23.3610856
17,10017,Red Cross Bulgaria,,Пловдив,Пловдив,4000,,,,,,,42.1480596,24.760916
18,10018,Trakia,,Стара Загора,Стара Загора,6004,,,,,Yes,,42.4356099,25.6114744
19,10019,"АГ ""Весела""",,Пловдив,Пловдив,4000,,,,,,,42.1539677,24.7561235
20,10020,АГ болница,,Варна,Варна,9002,,,,,,,43.215811,27.9140688
21,10021,Авис Медика,,Плевен,Плевен,5800,,,,,,,43.3857566,24.6333808
22,10022,Авис Медика,,Плевен,Плевен,5800,,,,,,,43.4114908,24.6166887
23,10023,Аджибадем Сити Клиник МБАЛ Токуда,бул. Никола Й. Вапцаров 51Б,София,София-град,1421,,,,,Yes,,42.6655256,23.3238888
24,10024,Акушеро-гинекология,,Стара Загора,Стара Загора,6000,,,,,,,42.4286066,25.6269363
25,10025,Аптека,,Аксаково,Варна,9154,,,,,,,43.2573388,27.8161891
26,10026,Атанас Дафовски,,Кърджали,Кърджали,6600,,,,,,,41.6461731,25.3735196
27,10027,Балнео лечебница,,Стрелча,Пазарджик,4530,,,,,,,42.5051211,24.3237579
28,10028,Балнео лечебница,,Стрелча,Пазарджик,4530,,,,,,,42.5052003,24.3233485
29,10029,Болница,,Царево,Бургас,8260,,059052023,,,,,42.1666739,27.8444058
30,10030,"Болница ""Люлин""",,София,София-град,1360,,,,,,,42.7082584,23.2491306
31,10031,"Болница ""Петромар"" АД",,Казанлък,Стара Загора,6144,,,,,,,42.6918356,25.3181659
32,10032,"Болница ""Райна Княгиня""",,София,София-град,1616,,,,,,,42.6641096,23.2509919
33,10033,Болница Вита,Филип Кутев 10,София,София-град,1421,,,,,,,42.6568201,23.3200211
34,10034,Болница Кубрат,,Кубрат,Разград,7300,,,,,Yes,,43.7914042,26.5006795
35,10035,Болница Лозенец,Козяк nan,София,София-град,1407,,,,,,,42.6658904,23.3109057
36,10036,Болница Рахила Ангелова,,Перник,Перник,2300,,,,,Yes,,42.6124109,23.0362656
37,10037,Болница Слънчев Бряг,,Несебър,Бургас,8230,,,,,,,42.6679611,27.706838
38,10038,"Болница за долекуване, продължително лечение и рехабилитация",,София,София-град,1000,,,,,,,42.7031026,23.1447434
39,10039,ВМА МБАЛ Пловдив (Военна болница),,Пловдив,Пловдив,4017,,,,,,,42.1373027,24.7562809
40,10040,Ветеринарна клиника,,Аксаково,Варна,9154,,,,,,,43.25741,27.8236052
41,10041,Ветеринарна лечебница,,Чирпан,Стара Загора,6249,,,,,,,42.2589705,25.3296981
42,10042,Вита Мед,,Карлово,Пловдив,4300,,,,,,,42.6427216,24.8048457
43,10043,Витоша СБАЛ по ортопедия и травматология,,София,София-град,1421,,,,,,,42.642294,23.334063
44,10044,Военна болница,,Плевен,Плевен,5800,,,,,,,43.4149579,24.6299359
45,10045,Военна болница,,Хасково,Хасково,6300,,,,,,,41.9334572,25.562932
46,10046,Военно-морска болница,,Варна,Варна,9010,,,,,Yes,,43.2271136,27.924712
47,10047,Втора Градска Поликлиника,,Плевен,Плевен,5800,,,,,,,43.4066061,24.6205129
48,10048,Втора Многопрофилна Болница за Активно Лечение,бул. Христо Ботев 120,София,София-град,1220,,+359 2 931 4024,,,No,,42.706607,23.3179169
49,10049,ДКЦ,Ул. Ген. Скобелев 34,Казанлък,Стара Загора,6100,,,,,,,42.6217336,25.3877237
50,10050,"ДКЦ ""Д-р Николай Тошев""",,Чирпан,Стара Загора,6200,,,,,,,42.2002817,25.327816
51,10051,ДКЦ 1,,Плевен,Плевен,5800,,,,,,,43.4163833,24.6098698
52,10052,ДКЦ 2,,Сливен,Сливен,8800,,,,,,,42.6791919,26.3109433
53,10053,ДКЦ 2,,Ямбол,Ямбол,8601,,,,,,,42.4798615,26.5000971
54,10054,ДКЦ 2 Св.Иван Рилски,,Варна,Варна,9003,,,,,,,43.1815763,27.8955097
55,10055,ДКЦ 3,,Варна,Варна,9023,,,,,,,43.2480133,27.8468726
56,10056,ДКЦ 3,ж.к. Сторгозия ДКЦ 3,Плевен,Плевен,5800,,,,,,,43.4211101,24.5990951
57,10057,ДКЦ 30,,София,София-град,1231,,,,,,,42.7440613,23.2763136
58,10058,ДКЦ 4 - Варна,,Варна,Варна,9002,,,,,,,43.2148978,27.9171614
59,10059,ДКЦ 5 Св. Екатерина,,Варна,Варна,9002,,,,,,,43.2088927,27.894981
60,10060,ДКЦ 6,,Пловдив,Пловдив,4000,,,,,,,42.139921,24.7405961
61,10061,ДМСГД-Благоевград,,Благоевград,Благоевград,2700,,,,,,,42.0257756,23.0919877
62,10062,ДМСГД-Благоевград,Славянска 60,Благоевград,Благоевград,2700,,,,,,,42.0254256,23.0940217
63,10063,ДМСГД-Благоевград,Славянска 60,Благоевград,Благоевград,2700,,,,,,,42.0259576,23.0917638
64,10064,Детска специализирана болница за белодробни заболявания Царица Йоана,,Трявна,Габрово,5350,,,,,,,42.8670631,25.4763448
65,10065,Детско отделение,ул.Гео Милев nan,Сливен,Сливен,8804,,,,,,,42.6765224,26.324072
66,10066,Детско-юношеска психиатрична клиника,,София,София-град,1616,,,,,,,42.6595557,23.2548243
67,10067,Диспансер за белодробни заболявания,Mануш Войвода 11A,Варна,Варна,9002,,,,,,,43.2095695,27.8901418
68,10068,Диспансер за психични заболявания със стационар,Хаджи Христо Попгеоргиев 12,Смолян,Смолян,4700,,+359301643 66,,,,,41.5721802,24.7857486
69,10069,Дом за медико-социални грижи за деца,,Плевен,Плевен,5800,,,,,,,43.4026194,24.6297866
70,10070,"Държавна психиатрична болниза ""Д-р Георги Кисьов""",,Раднево,Стара Загора,6275,,,,,,,42.2873226,25.9226854
71,10071,Държавна психиатрична болница,,Балчик,Добрич,9600,,,,,,,43.4741738,28.0181944
72,10072,"Държавна психиатрична болница ""Св. Иван Рилски""",ул. Христо Ботев 140,София,София-град,1000,,,,,No,,42.8282335,23.3691942
73,10073,Държавна психиатрична болница за лечение на наркомании и алкохолизъм,,София,София-град,1000,,,,,,,42.6743189,23.1863342
74,10074,Ева,,Сливен,Сливен,8804,,,,,No,,42.6924395,26.3434973
75,10075,Ескулап,,Пазарджик,Пазарджик,4400,,,,,No,,42.1987229,24.3307886
76,10076,"Здравен център ""ОЛИМП""",,Своге,София,2260,,,,,,,42.9614019,23.3450215
77,10077,Здравна служба,,Варна,Варна,9140,,,,,,,43.2164498,27.8181833
78,10078,Здравна служба,,Аксаково,Варна,9144,,,,,Yes,,43.2531438,27.7081766
79,10079,Изоставена болница(Бивша болница за туберкулоза),,Сливен,Сливен,8802,,,,,,,42.6813993,26.330623
80,10080,КОЖЕН ДИСПАНСЕР,,Сливен,Сливен,8804,,,,,,,42.6747252,26.3264341
81,10081,КУРОРТНА ПОЛИКЛ.,,Велинград,Пазарджик,4600,,,,,,,42.029937,23.9938604
82,10082,Кардиологичен център,ул. Криволак 11,Сливен,Сливен,8804,,,,,,,42.6764657,26.3237824
83,10083,Клиника по Ортопедия и Травматология,бул. Русе 89,Плевен,Плевен,5800,,,,,,,43.4119488,24.6321641
84,10084,Комплексен онкологичен център-Бургас ЕООД,,Бургас,Бургас,8000,,,,,,,42.50123,27.4750003
85,10085,Курортна поликлиника,"ул. ""Никола Вапцаров"" 2",Варна,Варна,9010,,,,,,,43.2129431,27.9349711
86,10086,Лайф Хоспитал,,Бургас,Бургас,8008,,,,,,,42.5275944,27.4679489
87,10087,МБАЛ,,Гълъбово,Стара Загора,6280,,,,,,,42.1412139,25.8586284
88,10088,МБАЛ,,Гълъбово,Стара Загора,6280,,,,,,,42.1412993,25.8585102
89,10089,МБАЛ,,Балчик,Добрич,9600,,,,,,,43.410528,28.1602158
90,10090,МБАЛ,,Разлог,Благоевград,2760,,,,,,,41.8914322,23.4683585
91,10091,МБАЛ,,Велики Преслав,Шумен,9850,,,,,,,43.1654043,26.8125504
92,10092,МБАЛ,,Троян,Ловеч,5600,,,,,,,42.8902993,24.7077842
93,10093,МБАЛ,,Разлог,Благоевград,2760,,,,,,,41.8910515,23.4680525
94,10094,МБАЛ,,Радомир,Перник,2400,,,,,,,42.5433531,22.9590605
95,10095,МБАЛ,,Ардино,Кърджали,6750,,,,,,,41.580167,25.1346005
96,10096,"МБАЛ ""Д-р Братан Шукеров""",,Смолян,Смолян,4700,,,,,,,41.5740166,24.7179878
97,10097,"МБАЛ ""Д-р Иван Селимински"" Сливен",,Сливен,Сливен,8804,,,,,Yes,,42.6754058,26.3244332
98,10098,"МБАЛ ""Доверие""",,София,София-град,1632,,,,,,,42.6851386,23.2464802
99,10099,"МБАЛ ""Доктро Киро Попов""",,Карлово,Пловдив,4300,,,,,,,42.6450578,24.799091
100,10100,"МБАЛ ""Проф.д-р Цончев""",,Котел,Сливен,8970,,,,,,,42.883211,26.4489459
101,10101,"МБАЛ ""СВ. ИВАН РИЛСКИ"" - РАЗГРАД АД",,Разград,Разград,7200,,,,,Yes,,43.5293766,26.535444
102,10102,"МБАЛ ""Св. Марина""",,Плевен,Плевен,5800,,,,,,,43.4408617,24.5915198
103,10103,"МБАЛ ""Св. Николай Чудотворец""",Улица Каблешков 2,Лом,Монтана,3600,,,,,,,43.828061,23.2314199
104,10104,"МБАЛ ""Света Екатерина""",,Димитровград,Хасково,6400,,,,,,,42.0519734,25.5876437
105,10105,"МБАЛ ""Света Екатерина""",,Пазарджик,Пазарджик,4400,,,,,No,,42.2015091,24.3375001
106,10106,"МБАЛ ""Света София""",бул. България 104,София,София-град,1616,,,,,,,42.6598916,23.2844253
107,10107,"МБАЛ ""Свети Иван Рилски""",,Елхово,Ямбол,8700,,,,,,,42.1774474,26.5807519
108,10108,"МБАЛ ""Уни Хоспитал""",Георги Бенковски 100,Панагюрище,Пазарджик,4500,,+359 (357) 88 581,,,,,42.4925838,24.1864516
109,10109,"МБАЛ ""Царица Йоанна""",,София,София-град,1527,,,,,,,42.7010571,23.3372624
110,10110,МБАЛ - Чирпан,,Чирпан,Стара Загора,6200,,,,,,,42.2037501,25.3423049
111,10111,МБАЛ Central,,Пловдив,Пловдив,4000,,,,,,,42.1384007,24.739566
112,10112,МБАЛ Асеновград,,Асеновград,Пловдив,4230,,,,,,,42.0166244,24.8796103
113,10113,МБАЛ Бургас,,Бургас,Бургас,8018,,,,,,,42.5124648,27.4668899
114,10114,МБАЛ Бургасмед,,Бургас,Бургас,8009,,,,,Yes,,42.4635694,27.420153
115,10115,МБАЛ Бяла Слатина,,Бяла Слатина,Враца,3201,,,,,Yes,,43.4784942,23.9286685
116,10116,МБАЛ Д-р Димитър Моллов,,Елена,Велико Търново,5070,,,,,,,42.9335361,25.8757185
117,10117,МБАЛ Д-р Маджуров,,Бургас,Бургас,8018,,,,,,,42.5183654,27.4653335
118,10118,МБАЛ Доктор Никола Василиев,"пл. ""17 януари"" 1",Кюстендил,Кюстендил,2500,,,,,,,42.2804807,22.6999253
119,10119,МБАЛ Исперих,,Исперих,Разград,7400,,,,,,,43.7129681,26.8393309
120,10120,МБАЛ Каварна,ул. Васил Левски 36,Каварна,Добрич,9650,,,,,,,43.4257546,28.3381256
121,10121,МБАЛ Карнобат,,Карнобат,Бургас,8400,,,,,,,42.6502385,26.9945433
122,10122,МБАЛ Кнежа,Улица Марин Боев 4,Кнежа,Плевен,5835,,,,,,,43.4865973,24.078266
123,10123,МБАЛ Левски,,Левски,Плевен,5900,,,,,,,43.3667891,25.1331542
124,10124,МБАЛ Луковит,,Луковит,Ловеч,5770,,,,,,,43.2125558,24.1596108
125,10125,МБАЛ Мездра,Улица Янко Сакъзов 33,Мездра,Враца,3100,,,,,,,43.147305,23.7097807
126,10126,МБАЛ Надежда,,София,София-град,1330,,,,,,,42.688523,23.2740112
127,10127,МБАЛ Оряхово,Улица Арх. Цолов 98,Оряхово,Враца,3300,,,,,,,43.7314943,23.9452521
128,10128,МБАЛ Пирдоп,,Пирдоп,София,2070,,,,,,,42.7028422,24.1691689
129,10129,МБАЛ Поморие,,Поморие,Бургас,8201,,,,,,,42.5635441,27.6384825
130,10130,МБАЛ Рокфелер,,Петрич,Благоевград,2850,,,,,Yes,,41.3981825,23.2069226
131,10131,МБАЛ Св. Иван Рилски,,Стара Загора,Стара Загора,6001,,,,,,,42.4234572,25.6354232
132,10132,МБАЛ Св. Пантелеймон,Панйот Хитов 30,Ямбол,Ямбол,8600,,,,,Yes,,42.4875285,26.5147807
133,10133,МБАЛ Света Марина,,Варна,Варна,9010,,,,,,,43.2258763,27.9335944
134,10134,МБАЛ Свети Георги,,Пловдив,Пловдив,4000,,,,,,,42.1397087,24.7364568
135,10135,МБАЛ Свети Мина,,Пловдив,Пловдив,4000,,,,,No,,42.1363392,24.7430412
136,10136,МБАЛ Хасково,,Хасково,Хасково,6300,,,,,,,41.9319522,25.5663018
137,10137,МБАЛ Червен бряг,,Червен бряг,Плевен,5980,,,,,,,43.2733278,24.0848629
138,10138,МБАЛ д-р Димитър Чакмаков,,Раднево,Стара Загора,6275,,,,,,,42.2927025,25.9443754
139,10139,МБАЛ проф. д-р. Асен Шопов,,Златоград,Смолян,4980,,,,,,,41.3786431,25.095769
140,10140,МБАЛ проф.Димитър Ранев,,Пещера,Пазарджик,4550,,,,,,,42.0392062,24.3110654
141,10141,МБАЛ „Проф.д-р Ал.Герчев” Етрополе,,Етрополе,София,2180,,,,,,,42.8401779,23.9992791
142,10142,"МБАЛ „Христо Ботев""",bul. 2-ri Yuni 66,Враца,Враца,3001,,+35992923039,,,Yes,,43.1984838,23.559393
143,10143,"МБАЛ-Монтана „Д-р Стамен Илиев""",,Монтана,Монтана,3403,,,,,,,43.4020405,23.2327936
144,10144,МБАЛ-Шумен,Васил Априлов 63,Шумен,Шумен,9701,,054 855 755,,,Yes,,43.2777016,26.9166915
145,10145,МИ на МВР - Филиал,,София,София-град,1320,,,,,,,42.7099554,23.1525917
146,10146,"МОБАЛ ""д-р Стефан Черкезов"" (база №1)",Улица Ниш 1,Велико Търново,Велико Търново,5002,,,,,Yes,,43.0747129,25.6151125
147,10147,МЦ,,София,София-град,1641,,,,,,,42.6280451,23.1989633
148,10148,МЦ 1,,София,София-град,1320,,,,,,,42.7067077,23.1411535
149,10149,МЦ Санита,,Варна,Варна,9020,,,,,,,43.2295752,27.883899
150,10150,МЦ-1,,Костинброд,София,2230,,,,,,,42.8127278,23.2147267
151,10151,"Медико-социален комплекс ""Св. Лука""",,Суворово,Варна,9171,,,,,,,43.3139532,27.6655407
152,10152,Медицинки център Медикус,,Сливен,Сливен,8804,,,,,No,,42.6815963,26.3233052
153,10153,Медицински институт на МВР,бул. Ген. Скобелев 79,София,София-град,1606,,+359 2 9821300,,,,,42.6926039,23.3087315
154,10154,"Медицински комплекс ""Майчин дом"" - Варна",,Варна,Варна,9002,,,,,,,43.2199703,27.9261699
155,10155,Медицински комплекс Младост,,Варна,Варна,9020,,,,,,,43.2313739,27.8789974
156,10156,Медицински университет,,Пловдив,Пловдив,4000,,,,,,,42.1406051,24.7352158
157,10157,Медицински център,,Драгоман,София,2210,,,,,,,42.9183658,22.9277802
158,10158,Медицински център,улица Заводска 17,Твърдица,Сливен,8890,,,,,No,,42.6988574,25.8949671
159,10159,Медицински център,,София,София-град,1849,,,,,,,42.7815334,23.4997123
160,10160,Медицински център,,Аксаково,Варна,9154,,,,,,,43.257737,27.816356
161,10161,Медицински център,,София,София-град,1513,,,,,,,42.7954767,23.4472008
162,10162,Медицински център,,София,София-град,1223,,,,,,,42.8017326,23.4217808
163,10163,Медицински център,,Пловдив,Пловдив,4000,,,,,,,42.1392462,24.7393813
164,10164,Медицински център,,София,София-град,1261,,,,,,,42.7843742,23.2746672
165,10165,Медицински център,,София,София-град,1532,,,,,,,42.6560928,23.4644526
166,10166,Медицински център,,Божурище,София,2227,,,,,,,42.7631155,23.2028838
167,10167,Медицински център,,Стрелча,Пазарджик,4530,,,,,,,42.5053144,24.3227441
168,10168,"Медицински център ""Здраве - 2000""",,Стара Загора,Стара Загора,6000,,,,,,,42.4378523,25.6279188
169,10169,"Медицински център ""Св. Иван Рилски""",Трансмариска 69,Тутракан,Силистра,7600,,+359 866 60560,,,,,44.0456233,26.600234
170,10170,"Медицински център ""Св. Лука""",,Стара Загора,Стара Загора,6001,,,,,No,,42.4287488,25.6387644
171,10171,Медицински център Чирпан,,Чирпан,Стара Загора,6200,,,,,,,42.1983047,25.3288484
172,10172,Медицински център и Община,,София,София-град,1849,,,,,,,42.7866197,23.5191998
173,10173,Многопрофилна болница за АЛ,,Раковски,Пловдив,4150,,,,,,,42.2888042,24.9542706
174,10174,Многопрофилна болница за активно лечение (МБАЛ),Трансмариска 81,Тутракан,Силистра,7600,,+359 866 60078,,,,,44.0445844,26.5962863
175,10175,НКБ - отделение по кардиологична рехабилитация,,София,София-град,1320,,,,,,,42.7080762,23.1485442
176,10176,"НМТБ-клинична лаборатория, имунология и хормони",,София,София-град,1220,,,,,,,42.7128791,23.3176821
177,10177,НМТБ-микробиологична лаборатория,,София,София-град,1000,,,,,,,42.7131232,23.3180024
178,10178,Национален център по хематология и трансфузиология,Братя Миладинови 112,София,София-град,1220,,,,,,,42.7093188,23.3196212
179,10179,Национална кардиологична болница,Коньовица 65,София,София-град,1309,,,,,Yes,,42.7064019,23.2858018
180,10180,Национална многопрофилна транспортна болница Цар Борис III,,София,София-град,1220,,,,,,,42.7131684,23.3172779
181,10181,Национална специализирана болница за активно лечение по онкология,Пловдивско поле 6,София,София-град,1797,,,,,,,42.6617301,23.3594485
182,10182,Областен диспансер за Психични заболявания,,Пловдив,Пловдив,4000,,,,,,,42.1366564,24.7104656
183,10183,Областен диспансер за кожно-венерически заболявания,,Пловдив,Пловдив,4004,,,,,,,42.1305757,24.7460625
184,10184,Областен диспансер за психични заболявания Проф. д-р Иван Темков,,Бургас,Бургас,8001,,,,,,,42.5141169,27.474304
185,10185,Областен психо-диспансер,,София,София-град,1220,,,,,,,42.7064241,23.3326195
186,10186,Общинска Поликлиника Кюстендил,,Кюстендил,Кюстендил,2500,,,,,,,42.2811936,22.6919979
187,10187,"Окръжна болница ""Проф. Стоян Киркович""",,Стара Загора,Стара Загора,6003,,,,,Yes,,42.4259093,25.6135716
188,10188,Онкологичен диспансер,,София,София-град,1729,,,,,,,42.6562476,23.3716961
189,10189,"Отделение УМБАЛ ""Света Марина""",,Долни Чифлик,Варна,9112,,,,,,,42.9620074,27.8815197
190,10190,Очна болница,,Варна,Варна,9002,,,,,,,43.2165383,27.9133678
191,10191,Пета МБАЛ София,бул. ген. Николай Г. Столетов 67А,София,София-град,1220,,,,,Yes,,42.7130855,23.3109504
192,10192,Поликлиника,,Вълчедръм,Монтана,3650,,,,,,,43.6963178,23.4370065
193,10193,Поликлиника,,Бяла,Варна,9101,,,,,,,42.8768554,27.8865611
194,10194,Правителствен санаториум,,София,София-град,1000,,,,,No,,42.6365308,23.180096
195,10195,Психиатрична болница Карлуково,,Луковит,Ловеч,5770,,,,,,,43.1794199,24.0653025
196,10196,Психиатрична клиника,Огражден 2,Плевен,Плевен,5800,,,,,No,,43.4168127,24.5972186
197,10197,"Първа САГБАЛ ""Света София""",Михалаки Ташев 2,София,София-град,1330,,,,,,,42.6992655,23.2880145
198,10198,Първичен здравен център Балик,,Добрич,Добрич,9300,,,,,,,43.5763241,27.8498463
199,10199,Районна болница Д-р Теодоси Витанов,,Трявна,Габрово,5350,,,,,,,42.8676571,25.4855026
200,10200,Регионален психодиспансер,,Русе,Русе,7003,,,,,,,43.8662713,25.9872499
201,10201,Регионална ветиранаро медицинска служба,,Смолян,Смолян,4700,,,,,,,41.5706551,24.7561304
202,10202,Рехабилитационна болница Ясен,,София,София-град,1320,,,,,,,42.7100493,23.1499298
203,10203,САГБАЛ Св. Лазар,,София,София-град,1113,,,,,,,42.6592567,23.3365026
204,10204,СБ,,София,София-град,1320,,,,,,,42.7089618,23.1495881
205,10205,СБАЛ АГ „Селена“,,Пловдив,Пловдив,4000,,,,,,,42.1349529,24.7091242
206,10206,СБАЛ Св.Панталеймон,,Плевен,Плевен,5800,,,,,,,43.4021072,24.6424674
207,10207,СБАЛ Св.Панталеймон,ул. Трите Бора nan,Плевен,Плевен,5800,,,,,,,43.4023553,24.6427458
208,10208,СБАЛ на детски болести,,София,София-град,1320,,,,,,,42.710356,23.151594
209,10209,СБАЛ по Белодробни Болести- Габрово,Д-р Кирил Въгленов 1,Габрово,Габрово,5302,,,,,No,,42.8442885,25.3146476
210,10210,СБАЛ по детски болести,бул. Акад. Иван Евстратиев Гешов 11,София,София-град,1000,,+359 2 8154 211,,,,,42.6840196,23.3016798
211,10211,"СБАЛ по ендокринология ""Акад. Ив. Пенчев""",,София,София-град,1606,,,,,,,42.696676,23.3144572
212,10212,"СБАЛ по ендокринология ""Акад. Ив. Пенчев""",,София,София-град,1606,,,,,,,42.6967095,23.3145979
213,10213,"СБАЛ по инф. и паразитни болести ""Проф. Ив. Киров""",,София,София-град,1000,,,,,,,42.6812445,23.3023366
214,10214,СБАЛВБ Бест Клиник,Бачо Киро 47,София,София-град,1527,,,,,,,42.7025714,23.3258014
215,10215,СБАЛХ-Кърджали,,Кърджали,Кърджали,6600,,,,,,,41.6452051,25.3722039
216,10216,СБВБДПЛ,,София,София-град,1000,,,,,,,42.6130401,23.3145609
217,10217,СБДПЛР Бухово,,София,София-град,1830,,,,,,,42.7616727,23.5602631
218,10218,СБДПЛР Сливница,,Сливница,София,2200,,,,,,,42.8541487,23.0324809
219,10219,"СБЗ ""Тузлата""",,Балчик,Добрич,9600,,,,,No,,43.4004197,28.2255423
220,10220,СДПЛР,,София,София-град,1000,,,,,,,42.5810048,23.4267325
221,10221,СХБАЛ Красимира,Балша 5,София,София-град,1408,,,,,,,42.6804785,23.3096557
222,10222,"Санаториум ""Свети Мина""",,Вършец,Монтана,3540,,,,,,,43.1876607,23.2839046
223,10223,Санаториум за белодробни заболявания,,Роман,Враца,3130,,,,,,,43.159164,23.9232771
224,10224,Св. Иван Рилски,,Пловдив,Пловдив,4000,,,,,Yes,,42.1679799,24.7480042
225,10225,Св. Пантелеймон,,Пловдив,Пловдив,4004,,,,,,,42.1217432,24.7494757
226,10226,Св. Спас,,София,София-град,1000,,,,,,,42.7961121,23.451249
227,10227,Света Анна,,Сливен,Сливен,8804,,,,,No,,42.6926328,26.3439321
228,10228,Серумен институт,,София,София-град,1000,,,,,No,,42.6762836,23.1919238
229,10229,Сити Мед,бул. Липник nan,Русе,Русе,7001,,,,,No,,43.8528077,25.9916916
230,10230,Скин системс,,Елин Пелин,София,2115,,,,,,,42.6324499,23.688803
231,10231,Софиямед,бул. Д-р Г. М. Димитров 16,София,София-град,1113,,+359 2 465 0000,,,Yes,,42.6669745,23.3647206
232,10232,Специализирана Болница за рехабилитация - Бургаски минерални бани,,Бургас,Бургас,8127,,,,,,,42.6109492,27.3915787
233,10233,Специализирана болница за активно лечение на белодробни болести - Троян,ул. Васил Левски 253,Троян,Ловеч,5600,,,,,,,42.8986626,24.7094294
234,10234,Специализирана болница за активно лечение на пневмо-фтизиатрични заболявания - Враца ЕООД,,Враца,Враца,3000,,,,,,,43.197821,23.5626659
235,10235,Специализирана болница за белодробни заболявания,,Мъглиж,Стара Загора,6185,,,,,,,42.6794734,25.5882881
236,10236,Специализирана болница за лечение на пневмо-фтизиатрични заболявания,,Бургас,Бургас,8000,,,,,,,42.5007235,27.4769221
237,10237,"Специализирана болница за пневмо - фтизиатрични заболявания ""Д-р Трейман""",,Велико Търново,Велико Търново,5000,,,,,,,43.0737735,25.6436691
238,10238,Специализирана болница за рехабилитация,,Котел,Сливен,8970,,,,,,,42.891696,26.4371048
239,10239,Специализирана болница за рехабилитация,,Карлово,Пловдив,4360,,,,,,,42.5393991,24.8394227
240,10240,Специализирана болница за рехабилитация Здраве,,София,София-град,1320,,,,,,,42.7103459,23.1469167
241,10241,Специализирана болница за рехабилитация Мари,Кипарис nan,Несебър,Бургас,8230,,,,,,,42.6534097,27.6926245
242,10242,Спешен медицински център,Васил Левски 10А,Болярово,Ямбол,8720,,,,,Yes,,42.150127,26.8114369
243,10243,Спешна медицинска помощ,,Пловдив,Пловдив,4000,,,,,,,42.1383021,24.7371062
244,10244,Спешна помощ,,Роман,Враца,3130,,,,,,,43.1599116,23.9218854
245,10245,Стар АГ Комплекс-Русе,ул. Николаевска nan,Русе,Русе,7001,,,,,,,43.8356134,25.953208
246,10246,Стоматологична поликлиника,,Добрич,Добрич,9300,,,,,,,43.5714858,27.8317405
247,10247,Стоматология,бул. Русе 1,Плевен,Плевен,5800,,,,,,,43.4117789,24.6220464
248,10248,Транспортен медицински институт,,София,София-град,1220,,,,,,,42.7131965,23.3163686
249,10249,Транспортна болница,,Варна,Варна,9002,,,,,,,43.1979399,27.9130704
250,10250,"УБ ""Майчин дом""",,София,София-град,1000,,,,,,,42.683208,23.3111531
251,10251,"УМБАЛ ""Александровска""",,София,София-град,1408,,,,,,,42.6818692,23.3086383
252,10252,"УМБАЛ ""Георги Странски""",,Плевен,Плевен,5803,,,,,,,43.4150624,24.6296583
253,10253,"УМБАЛ ""Георги Странски""",,Плевен,Плевен,5800,,,,,,,43.4090795,24.6060119
254,10254,"УМБАЛ ""КАНЕВ""-Русе",,Русе,Русе,7002,,,,,Yes,,43.8567889,25.961452
255,10255,"УМБАЛ ""Св. Георги"" - Инфекциозна клиника",,Пловдив,Пловдив,4000,,,,,,,42.1377194,24.7152793
256,10256,"УМБАЛ ""Св. Георги"" - Клиника по неврология",,Пловдив,Пловдив,4000,,,,,,,42.136004,24.7108546
257,10257,УМБАЛ Св. Анна,,София,София-град,1784,,,,,Yes,,42.6618231,23.3708836
258,10258,УМБАЛ „Св. Георги“,бул. Пещерско шосе 66,Пловдив,Пловдив,4002,,,,,Yes,,42.1389678,24.7095088
259,10259,Университетска детска клиника по белодробни болести,,София,София-град,1616,,,,,,,42.6694308,23.2533691
260,10260,"Университетска многопрофилна болница за активно лечение и спешна медицина ""Н. И. Пирогов""",,София,София-град,1606,,+359 2 9154 411,,,Yes,,42.6913578,23.3090829
261,10261,Хайфу център,,Плевен,Плевен,5800,,,,,,,43.4419042,24.590195
262,10262,Хигия,,Пазарджик,Пазарджик,4400,,,,,No,,42.189865,24.3328015
263,10263,Хоспис Филаретова ЕООД,,Варна,Варна,,,,,,,,43.1687478,27.9213612
264,10264,Царица Йоанна,ул. Булаир nan,Сливен,Сливен,8800,,,,,No,,42.683735,26.3067703
265,10265,Център за кожно-венерически заболявания - Бургас,Оборище 89,Бургас,Бургас,8000,,,,,,,42.5003425,27.4746454
266,10266,"Частна МБАЛ ""НИА МЕД""",,Стара Загора,Стара Загора,6003,,,,,,,42.4250319,25.6174232
267,10267,"Частна болница ""Ритъм""",,Стара Загора,Стара Загора,6000,,,,,,,42.4237954,25.6279229
268,10268,Частна хирургична болница Света Богородица,,София,София-град,1527,,,,,,,42.6989049,23.3437349
269,10269,Шеста обединена районна болница,,София,София-град,1632,,,,,,,42.6829208,23.2538745
270,10270,здравна служба,Васил Левски 1,Бяла Слатина,Враца,3243,,,,,,,43.3425253,23.8470798
271,10271,лекарски кабинет,,Елин Пелин,София,2115,,,,,,,42.6323043,23.6851123
272,10272,￼Комплексен онкологичен център - Шумен,Васил Априлов 611,Шумен,Шумен,9701,,,,,,,43.2768324,26.9181582
273,10273,Medical Center,,Созопол,Бургас,8130,,,,,,,42.3710904,27.7078961
274,10274,Д-р Кадева,Стефан Караджа 1.0,Банско,Благоевград,2770,,,,,,,41.8407849,23.4818133
275,10275,Д-р Русков,Цар Симеон 8.0,Банско,Благоевград,2770,,,,,,,41.8424738,23.4831915
276,10276,"ДКЦ ""Сано""",,Стара Загора,Стара Загора,6000,,,,,,,42.4311039,25.6330486
277,10277,Здравна Служба,ул Борис Ганев nan,Никопол,Плевен,5954,,,,,,,43.6026639,24.9966499
278,10278,Здравна служба,,Перник,Перник,2300,,,,,,,42.5966307,23.1112708
279,10279,Здравна служба,,Иваново,Русе,7078,,,,,,,43.7129223,26.0402902
280,10280,Здравна служба,,Стралджа,Ямбол,8661,,,,,,,42.3867859,26.8181364
281,10281,Здравна служба,,Добричка,Добрич,9424,,,,,,,43.733445,27.6460609
282,10282,Здравна служба,,Николаево,Стара Загора,6173,,,,,,,42.5882801,25.8147453
283,10283,Здравна служба,,Раднево,Стара Загора,6268,,,,,,,42.3557489,25.8373469
284,10284,Здравна служба,,Павел баня,Стара Загора,6149,,,,,,,42.6553347,25.1978523
285,10285,Здравна служба,,Павел баня,Стара Загора,6161,,,,,,,42.6344162,25.2324496
286,10286,Здравна служба,,Казанлък,Стара Загора,6150,,,,,,,42.7098543,25.3361453
287,10287,Здравна служба,,Казанлък,Стара Загора,6142,,,,,,,42.6677717,25.4097293
288,10288,Здравна служба,,Казанлък,Стара Загора,6164,,,,,,,42.541252,25.4484959
289,10289,Здравна служба,,Мъглиж,Стара Загора,6170,,,,,,,42.5729499,25.5436462
290,10290,Здравна служба,,Стара Загора,Стара Загора,6090,,,,,,,42.3101636,25.6728534
291,10291,Здравна служба,,Братя Даскалови,Стара Загора,6226,,,,,,,42.4205541,25.2386977
292,10292,Здравна служба,,Павел баня,Стара Загора,6157,,,,,,,42.5726651,25.1827112
293,10293,Здравна служба,,Братя Даскалови,Стара Загора,6232,,,,,,,42.40743,25.3451851
294,10294,Здравна служба,,Марица,Пловдив,4140,,,,,,,42.1822315,24.8642757
295,10295,Здравна служба,,Елхово,Ямбол,8730,,,,,,,42.258688,26.6274623
296,10296,Здравна служба,,Казанлък,Стара Загора,6163,,,,,,,42.5604865,25.4151622
297,10297,МБАЛ Д-р Тота Венкова,,Габрово,Габрово,5300,,,,,Yes,,42.8704334,25.3059614
298,10298,Медицински център,,Мъглиж,Стара Загора,6180,,,,,,,42.6089136,25.5446831
299,10299,Медицински център,,Павел баня,Стара Загора,6155,,,,,,,42.5967489,25.2050212
300,10300,ПСС база Офелиите,,София,София-град,1000,,,,,,,42.5978597,23.235292
301,10301,Частна многопрофилна болница,Ул. Д-р Христо Баев 13.0,Казанлък,Стара Загора,6100,,,,,,,42.6207001,25.3921341
302,10302,д-р Галина Горанова,,Добрич,Добрич,9300,,,,,,,43.5734395,27.829206
303,10303,здравна служба,,Бяла,Русе,7120,,,,,,,43.4079053,25.8808742
