,id,name,address,city,state,zip,county,phone,type,ownership,emergency,quality,LAT,LON
0,10000,A. ö. Bezirkskrankenhaus Kufstein,,Kufstein,Tirol,6330,,,,,,,47.5707931,12.1519599
1,10001,A.ö. Tauernklinikum Mittersill,,Mittersill,Salzburg,5730,,,,,Yes,,47.2807961,12.4843668
2,10002,Allgemein öffentliches Krankenhaus Oberpullendorf,Spitalgasse 32,Oberpullendorf,Burgenland,7350,,,,,Yes,,47.507545,16.5099727
3,10003,Ambulatorium Kurhaus,,Bad Schallerbach,Oberösterreich,4701,,,,,,,48.2317084,13.9169533
4,10004,Ambulatorium Süd,Wienerbergstraße 13,Wien,Wien,1100,,,,,,,48.1694662,16.3451552
5,10005,Bau 0,,Wels,Oberösterreich,4600,,,,,,,48.1741098,14.0246502
6,10006,Bau 6 - Eltern-Kind-Zentrum,Eferdingerstraße nan,Wels,Oberösterreich,4600,,,,,,,48.1731684,14.025764
7,10007,Bezirkskrankenhaus Lienz,Emanuel von Hibler-Straße 5,Lienz,Tirol,9900,,,,,,,46.835543,12.7637099
8,10008,Bezirkskrankenhaus Reutte,,Ehenbichl,Tirol,6600,,,,,,,47.4729688,10.7142317
9,10009,Bezirkskrankenhaus Schwaz,Dr.-Körner-Straße 2,Schwaz,Tirol,6130,,,,,Yes,,47.3440612,11.7048539
10,10010,Bezirkskrankenhaus St. Johann in Tirol,Bahnhofstraße 14,Sankt Johann in Tirol,Tirol,6380,,+43 5352 606-0,,,,,47.5213384,12.429782
11,10011,Christian Doppler Klinik,Ignaz-Harrer-Straße 79,Salzburg,Salzburg,5020,,,,,,,47.813022,13.0212794
12,10012,Diakonissen-Krankenhaus,,Salzburg,Salzburg,5026,,,,,,,47.7876671,13.0761564
13,10013,Diakonissen-Krankenhaus Linz,,Linz,Oberösterreich,4020,,,,,No,,48.3038063,14.3011085
14,10014,Donauspital / SMZ-Ost,Langobardenstraße 122,Wien,Wien,1220,,,,,Yes,,48.2195455,16.4600433
15,10015,Dr. Martin Pasiut,Blumengasse 31,Grafenstein,Kärnten,9131,,,,,,,46.6132386,14.4659965
16,10016,Evangelisches Krankenhaus Wien,Hans-Sachs-Gasse 10-12,Wien,Wien,1180,,+43 1 40422 0,,,No,,48.2242433,16.3456746
17,10017,Evangelisches Krankenhaus Wien,,Wien,Wien,1180,,,,,No,,48.224051,16.3462486
18,10018,Gesundheitsresort Raxblick,Oberland 2-4,Reichenau an der Rax,Niederösterreich,2651,,,,,,,47.6710148,15.7861868
19,10019,Gesundheitszentrum Linzerheim,Grieskirchner Straße 6,Bad Schallerbach,Oberösterreich,4701,,,,,,,48.2315094,13.9180365
20,10020,Hanusch-Krankenhaus,Heinrich-Collin-Straße 30,Wien,Wien,1140,,,,,,,48.1987788,16.2902896
21,10021,Heeresspital,Brünner Straße 238,Wien,Wien,1210,,,,,Yes,,48.2930133,16.4188238
22,10022,HerzReha Bad Ischl,Gartenstraße 9,Bad Ischl,Oberösterreich,4820,,,,,,,47.7097904,13.6134532
23,10023,Kepler Universitätsklinikum - Med Campus III,,Linz,Oberösterreich,4020,,,,,,,48.3021918,14.3043075
24,10024,Kepler Universitätsklinikum - Med Campus IV,,Linz,Oberösterreich,4020,,,,,,,48.3019513,14.3071566
25,10025,Kepler Universitätsklinikum - Neuromed Campus,Wagner-Jauregg-Weg 15,Linz,Oberösterreich,4020,,,,,,,48.2797019,14.2956139
26,10026,Klinik Diakonissen Schladming,Salzburger Straße 777,Schladming,Steiermark,8970,,+43 3687 2020 0,,,Yes,,47.3915863,13.6775092
27,10027,Klinik Floridsdorf,Brünner Straße 68,Wien,Wien,1210,,+43 1 27700 - 0,,,Yes,,48.2694155,16.4048833
28,10028,Klinikum Grieskirchen,Georg-Wagenleithner-Straße 27,Grieskirchen,Oberösterreich,4710,,+43-7248-601-0,,,,,48.2388023,13.8208565
29,10029,Klinikum Klagenfurt am Wörthersee,,Klagenfurt am Wörthersee,Kärnten,9020,,,,,,,46.636715,14.3004593
30,10030,Klinikum Wels,Grieskirchner Straße 42,Wels,Oberösterreich,4600,,+43 7242 415 0,,,,,48.1743123,14.0227935
31,10031,Krankenanstalt Rudolfstiftung,Juchgasse 25,Wien,Wien,1030,,+43 (1) 711 65-0,,,Yes,,48.1950723,16.3891181
32,10032,Krankenhaus Abtenau,Markt 25,Abtenau,Salzburg,5441,,,,,,,47.565473,13.3472536
33,10033,Krankenhaus Barmherzige Brüder Salzburg,,Salzburg,Salzburg,5020,,,,,,,47.7976468,13.0506956
34,10034,Krankenhaus Göttlicher Heiland,Dornbacher Straße 20-26,Wien,Wien,1170,,,,,,,48.2284567,16.3055002
35,10035,Krankenhaus Hallein,Bürgermeisterstraße 34,Hallein,Salzburg,5400,,+43 6245 7990,,,Yes,,47.6855242,13.1120345
36,10036,Krankenhaus Hallein,,Hallein,Salzburg,5400,,,,,Yes,,47.6860986,13.1120605
37,10037,Krankenhaus Hietzing,,Wien,Wien,1130,,,,,,,48.1682215,16.2811033
38,10038,Krankenhaus Kittsee,Hauptplatz 3,Kittsee,Burgenland,2421,,,,,Yes,,48.0930438,17.0648818
39,10039,Krankenhaus Oberwart,Dornburggasse 80,Oberwart,Burgenland,7400,,,,,,,47.2804757,16.2025256
40,10040,Krankenhaus Sierning,Neustraße 14,Sierning,Oberösterreich,4522,,07259 / 2142 - 0,,,,,48.0427692,14.3069624
41,10041,Krankenhaus Spittal/Drau,,Spittal an der Drau,Kärnten,9800,,,,,,,46.8021679,13.4898409
42,10042,Krankenhaus St. Vinzenz Zams,Sanatoriumstraße 43,Zams,Tirol,6511,,,,,,,47.1613611,10.5937612
43,10043,Krankenhaus Theresienhof,nan 3-5,Frohnleiten,Steiermark,8130,,+4331264700-0,,,No,,47.2707562,15.3238161
44,10044,Krankenhaus der Barmherzigen Brüder,,Wien,Wien,1020,,,,,Yes,,48.2157345,16.3811781
45,10045,Krankenhaus der Barmherzigen Brüder,Spitalgasse 26,Sankt Veit an der Glan,Kärnten,9300,,,,,,,46.7691935,14.3538153
46,10046,Krankenhaus der Barmherzigen Brüder Graz,Marschallgasse 12,Graz,Steiermark,8020,,+43 316 7067 0,,,No,,47.071973,15.4312866
47,10047,Krankenhaus der Barmherzigen Brüder Graz-Eggenberg,Bergstraße 26+27,Graz,Steiermark,8020,,,,,No,,47.0787135,15.3919683
48,10048,Krankenhaus der Barmherzigen Schwestern Ried,Schloßberg 1,Ried im Innkreis,Oberösterreich,4910,,,,,Yes,,48.2104406,13.4932608
49,10049,Krankenhaus der Elisabethinen,Fadingerstraße 1,Linz,Oberösterreich,4020,,,,,,,48.3039292,14.2951269
50,10050,Krankenhaus der Elisabethinen,Elisabethinergasse 14,Graz,Steiermark,8020,,,,,No,,47.0703163,15.4248782
51,10051,Krankenhaus der barmherzigen Brüder,Seilerstätte 4,Linz,Oberösterreich,4020,,,,,,,48.3002974,14.2874385
52,10052,Krankenhaus der barmherzigen Schwestern,Seilerstätte 4,Linz,Oberösterreich,4020,,,,,,,48.2996312,14.28946
53,10053,Krankenhaus/Rehabilitationszentrum,Paracelsusstraße 37,Oberndorf bei Salzburg,Salzburg,5110,,,,,,,47.9369641,12.9471
54,10054,LKH Bad Ischl,Dr. Mayer Straße 8-10,Bad Ischl,Oberösterreich,4820,,,,,,,47.7059692,13.6240858
55,10055,LKH Hohenems,Bahnhofstraße 31,Hohenems,Vorarlberg,6845,,,,,,,47.3628371,9.6807817
56,10056,LKH Klagenfurt,,Klagenfurt am Wörthersee,Kärnten,9020,,,,,No,,46.6323712,14.3021858
57,10057,LKH Rottenmann,nan 2-4,Rottenmann,Steiermark,8786,,,,,Yes,,47.5257619,14.366312
58,10058,Landesklinik Tamsweg,Bahnhofstraße 7,Tamsweg,Salzburg,5580,,,,,Yes,,47.1288853,13.8089122
59,10059,Landesklinikum Baden,,Baden,Niederösterreich,2500,,,,,Yes,,48.0000387,16.253032
60,10060,Landesklinikum Gmünd,Conrathstraße 17,Gmünd,Niederösterreich,3950,,+43 2852 9004 0,,,Yes,,48.760352,14.9754542
61,10061,Landesklinikum Hollabrunn,,Hollabrunn,Niederösterreich,2020,,,,,Yes,,48.5616934,16.0909834
62,10062,Landesklinikum Horn,Spitalgasse 10,Horn,Niederösterreich,3580,,02982/2661-0,,,Yes,,48.6697962,15.6599476
63,10063,Landesklinikum Klosterneuburg,Kreutzergasse 12-14,Klosterneuburg,Niederösterreich,3400,,,,,,,48.3076087,16.3228541
64,10064,Landesklinikum Korneuburg,,Korneuburg,Niederösterreich,2100,,,,,,,48.3438861,16.3373865
65,10065,Landesklinikum Lilienfeld,Im Tal 2,Lilienfeld,Niederösterreich,3180,,+43 2762/9004-0,,,,,48.009781,15.5801579
66,10066,Landesklinikum Mauer,Hausmeninger Straße 221,Amstetten,Niederösterreich,3362,,+43 7475/9004,,,,,48.0956324,14.8099893
67,10067,Landesklinikum Melk,,Melk,Niederösterreich,3390,,,,,,,48.2272155,15.338344
68,10068,Landesklinikum Mistelbach-Gänserndorf,Liechtensteinstraße 67,Mistelbach,Niederösterreich,2130,,,,,,,48.5676042,16.5801756
69,10069,Landesklinikum Mödling,Schwester-Maria-Restituta-Gasse 12,Mödling,Niederösterreich,2340,,,,,Yes,,48.0901654,16.2957719
70,10070,Landesklinikum Stockerau,Landstraße 18,Stockerau,Niederösterreich,2000,,,,,Yes,,48.386092,16.2047124
71,10071,Landesklinikum Waidhofen/Thaya,Moriz-Schadek-Gasse 31,Waidhofen an der Thaya,Niederösterreich,3830,,,,,Yes,,48.8131318,15.2843194
72,10072,Landesklinikum Waidhofen/Ybbs,,Waidhofen an der Ybbs,Niederösterreich,3340,,,,,Yes,,47.9525849,14.7885095
73,10073,Landesklinikum Wiener Neustadt,Corvinusring 3-5,Wiener Neustadt,Niederösterreich,2700,,+43 2622 321-0,,,Yes,,47.8167248,16.2482145
74,10074,Landeskrankenhaus,,Villach,Kärnten,9500,,,,,Yes,,46.6164966,13.8569658
75,10075,Landeskrankenhaus Bad Aussee,Sommersbergseestraße 396,Bad Aussee,Steiermark,8990,,,,,Yes,,47.6069202,13.7739402
76,10076,Landeskrankenhaus Bad Radkersburg,Dr. Schwaiger-Straße 1,Bad Radkersburg,Steiermark,8490,,+43 3476 2401 0,,,Yes,,46.6919561,15.9933519
77,10077,Landeskrankenhaus Bludenz,Spitalgasse 13,Bludenz,Vorarlberg,6700,,,,,,,47.1599039,9.8200143
78,10078,Landeskrankenhaus Bruck an der Mur,Tragößer Straße 1,Bruck an der Mur,Steiermark,8600,,+43 3862 895 0,,,,,47.4237265,15.2653419
79,10079,Landeskrankenhaus Deutschlandsberg,Radlpaßstraße 29,Deutschlandsberg,Steiermark,8530,,+43 3462 4411 0,,,Yes,,46.8115594,15.2318154
80,10080,Landeskrankenhaus Enzenbach,Hörgas 30,Gratwein-Straßengel,Steiermark,8111,,,,,,,47.1535096,15.2943541
81,10081,Landeskrankenhaus Feldbach,Ottokar-Kernstock-Straße 18,Feldbach,Steiermark,8330,,+43 3152 899 0,,,Yes,,46.9518041,15.8816196
82,10082,Landeskrankenhaus Fürstenfeld,Krankenhausgasse 1,Fürstenfeld,Steiermark,8280,,+43 3382 506 0,,,Yes,,47.0460342,16.0848675
83,10083,Landeskrankenhaus Gmunden,Miller von Aichholzstraße 49,Gmunden,Oberösterreich,4810,,,,,,,47.9162109,13.7815234
84,10084,"Landeskrankenhaus Graz Süd-West, Standort West",Göstinger Straße 22,Graz,Steiermark,8020,,+43 316 5466 0,,,Yes,,47.0791218,15.4000797
85,10085,Landeskrankenhaus Güssing,Bergstraße 4,Güssing,Burgenland,7540,,,,,,,47.0506071,16.3224589
86,10086,Landeskrankenhaus Hall,,Hall in Tirol,Tirol,6060,,,,,,,47.283016,11.51433
87,10087,Landeskrankenhaus Hartberg,,Hartberg,Steiermark,8230,,+43 3332 605 0,,,Yes,,47.2729853,15.9675269
88,10088,Landeskrankenhaus Hochsteiermark,Vordernberger Straße 42,Leoben,Steiermark,8700,,+43 3842 401 0,,,Yes,,47.3789335,15.0840504
89,10089,Landeskrankenhaus Hochzirl,,Zirl,Tirol,6170,,,,,,,47.2841219,11.2442436
90,10090,Landeskrankenhaus Hörgas,nan 68,Gratwein-Straßengel,Steiermark,8111,,,,,,,47.1376766,15.310464
91,10091,Landeskrankenhaus Judenburg,Oberweggasse 18,Judenburg,Steiermark,8750,,+43 3572 82560 0,,,Yes,,47.1666638,14.6546426
92,10092,Landeskrankenhaus Knittelfeld,Gaaler Straße 10,Knittelfeld,Steiermark,8720,,+43 3512 707 0,,,Yes,,47.2145678,14.8197252
93,10093,Landeskrankenhaus Mariazell,Spitalgasse 4-6,Mariazell,Steiermark,8630,,+43 3882 2222 2800,,,Yes,,47.7894427,15.304045
94,10094,Landeskrankenhaus Mürzzuschlag,Grazer Straße 63-65,Mürzzuschlag,Steiermark,8680,,+43 3852 2080 0,,,Yes,,47.6013501,15.6682839
95,10095,Landeskrankenhaus Natters,,Natters,Tirol,6161,,,,,,,47.240459,11.3653353
96,10096,Landeskrankenhaus Rankweil,Valdunastraße 16,Rankweil,Vorarlberg,6830,,,,,,,47.2624375,9.6482046
97,10097,Landeskrankenhaus Rottenmann,Sankt Georgen 2-4,Rottenmann,Steiermark,8786,,+43 3614 2431 0,,,Yes,,47.5258637,14.3661364
98,10098,Landeskrankenhaus Salzburg,Müllner Hauptstraße 48,Salzburg,Salzburg,5020,,,,,Yes,,47.807731,13.0270114
99,10099,Landeskrankenhaus Schärding,,Schärding,Oberösterreich,4780,,,,,,,48.455432,13.4360045
100,10100,Landeskrankenhaus Stolzalpe,Stolzalpe 38,Murau,Steiermark,8852,,+43 3532 2424 0,,,Yes,,47.1187367,14.1875092
101,10101,Landeskrankenhaus Stolzalpe Haus II,nan 38,Murau,Steiermark,8850,,,,,,,47.1208784,14.1928348
102,10102,Landeskrankenhaus Voitsberg,Conrad-von-Hötzendorf-Straße 31,Voitsberg,Steiermark,8570,,+43 3142 201 0,,,Yes,,47.0523972,15.1419169
103,10103,Landeskrankenhaus Voitsberg,Conrad-von-Hötzendorf-Straße 31,Voitsberg,Steiermark,8570,,,,,Yes,,47.0525395,15.1413276
104,10104,Landeskrankenhaus Vöcklabruck,Dr. Wilhelm Bock-Straße 1,Vöcklabruck,Oberösterreich,4840,,+43 5055471 0,,,,,48.0025208,13.6394796
105,10105,Landeskrankenhaus Wagna,Pelzmannstraße 18,Wagna,Steiermark,8435,,+43 3452 701 0,,,Yes,,46.7692575,15.5572139
106,10106,Landeskrankenhaus Weiz,Franz-Pichler-Straße 85,Weiz,Steiermark,8160,,+43 3172 2214 0,,,,,47.2130059,15.6358519
107,10107,Landeskrankenhaus Wolfsberg,Paul-Hackhofer-Straße 9,Wolfsberg,Kärnten,9400,,+43 4352 533 0,,,Yes,,46.8345385,14.8465399
108,10108,Landeskrankenhaus-Universitätsklinikum Graz,,Graz,Steiermark,8010,,,,,Yes,,47.0892236,15.4689492
109,10109,Landesnervenklinik Sigmund Freud,Wagner-Jauregg-Platz 1,Graz,Steiermark,8010,,,,,neurology;psychiatry,,47.0355489,15.4180201
110,10110,Marienkrankenhaus Vorau,,Vorau,Steiermark,8250,,+43 3337 2254 0,,,Yes,,47.4063857,15.8812822
111,10111,Orthopädisches Spital Speising,Speisinger Straße 109,Wien,Wien,1130,,,,,,,48.1647932,16.2811977
112,10112,Otto-Wagner-Spital,Baumgartner Höhe 1,Wien,Wien,1140,,,,,,,48.2098321,16.2855983
113,10113,"Pavillion 5, 1. Medizinische Abteilung mit Gastroenterologie",,Wien,Wien,1130,,,,,,,48.1691765,16.2751114
114,10114,Privatklinik Maria Hilf,,Klagenfurt am Wörthersee,Kärnten,9020,,,,,No,,46.627794,14.2964364
115,10115,Pyhrn-Eisenwurzen Klinikum Kirchdorf,Hausmanningerstraße 8,Kirchdorf an der Krems,Oberösterreich,4560,,05 055467-0,,,Yes,,47.9082252,14.1239892
116,10116,Pyhrn-Eisenwurzen Klinikum Steyr,Sierninger Straße 170,Steyr,Oberösterreich,4400,,+435055466,,,,,48.0442739,14.3908059
117,10117,"Rotes Kreuz Kärnten Logistikzentrum, Leitstelle, Blutspendedienst",,Klagenfurt am Wörthersee,Kärnten,9020,,,,,,,46.6242849,14.344013
118,10118,Rudolfinerhaus,Billrothstraße 78,Wien,Wien,1190,,,,,,,48.2441258,16.346423
119,10119,Sonderkrankenanstalt Rehabilitationszentrum St. Radegund,Quellenstraße 1,Sankt Radegund bei Graz,Steiermark,8061,,,,,No,,47.1819609,15.4833128
120,10120,Sonderkrankenanstalt Rehabilitationszentrum St. Radegund,Quellenstraße 1,Sankt Radegund bei Graz,Steiermark,8061,,,,,No,,47.1819609,15.4833128
121,10121,Sonderkrankenanstalt Rehabilitationszentrum Weyer,nan 2,Weyer,Oberösterreich,3335,,,,,,,47.8570038,14.6830743
122,10122,Sozialmedizinisches Zentrum Süd - Kaiser-Franz-Josef-Spital,Kundratstraße 3,Wien,Wien,1100,,+43 1 601910,,,No,,48.1740906,16.3479306
123,10123,St. Josef Krankenhaus,Auhofstraße 189,Wien,Wien,1130,,,,,No,,48.1945326,16.2622736
124,10124,Strahlenzentrum,Dr.-Wilhelm-Bock-Straße 1,Vöcklabruck,Oberösterreich,4840,,,,,,,48.0033591,13.6377833
125,10125,Tauernklinikum,Paracelsusstraße 8,Zell am See,Salzburg,5700,,,,,Yes,,47.3386693,12.8131917
126,10126,Unfallkrankenhaus,Waidmannsdorfer Straße 35,Klagenfurt am Wörthersee,Kärnten,9020,,,,,Yes,,46.6185696,14.295623
127,10127,Unfallkrankenhaus Graz,Göstinger Straße 24,Graz,Steiermark,8020,,,,,Yes,,47.0791218,15.4000797
128,10128,Unfallkrankenhaus Linz,,Linz,Oberösterreich,4020,,,,,Yes,,48.3041603,14.3109615
129,10129,Unfallkrankenhaus Meidling,Kundratstraße 37-39,Wien,Wien,1120,,,,,,,48.1726189,16.3430429
130,10130,Unfallkrankenhaus Salzburg,,Salzburg,Salzburg,5020,,,,,Yes,,47.7992557,13.0551639
131,10131,Universitätsklinik Innsbruck,,Innsbruck,Tirol,6020,,,,,Yes,,47.2634384,11.3870319
132,10132,Universitätsklinikum Krems,Mitterweg 10,Krems an der Donau,Niederösterreich,3500,,,,,Yes,,48.4128122,15.6146697
133,10133,Universitätsklinikum St. Pölten,Dunant-Platz 1,Sankt Pölten,Niederösterreich,3100,,+43 2742 9004,,,Yes,,48.214799,15.6301005
134,10134,Universitätsklinikum Tulln,Alter Ziegelweg 10,Tulln an der Donau,Niederösterreich,3430,,+43 2272/9004-0,,,,,48.320702,16.0647103
135,10135,Wilhelminenspital,Montleartstraße 37,Wien,Wien,1160,,,,,Yes,,48.2081646,16.2981955
136,10136,Zeileis Gesundheitszentrum,Valentin Zeileis-Straße 33,Gallspach,Oberösterreich,4713,,+43-7248-62351-0,,,,,48.2070012,13.8101432
137,10137,Ärztezentrum,,Ebenthal in Kärnten,Kärnten,9065,,,,,,,46.6116077,14.3590662
138,10138,Öffentliches Krankenhaus WAIERN / Feldkirchen,,Feldkirchen in Kärnten,Kärnten,9560,,,,,,,46.7338278,14.0866195
139,10139,Allgemeiner Medizinischer Arzt Thomas Zorn,,Haus,Steiermark,8967,,,,,,,47.4100425,13.7689864
140,10140,Allgemeinmediziner Dr. Eder,Markt 50,Waldhausen im Strudengau,Oberösterreich,4391,,,,,,,48.2724496,14.9500038
141,10141,Allgemeinmediziner Dr. med. Martin Breinesberger,Schulstraße 11,Münzbach,Oberösterreich,4323,,,,,,,48.2642233,14.7113311
142,10142,Allgemeinmedizinische Arztpraxis,Am Herndlberg 30,Lohnsburg am Kobernaußerwald,Oberösterreich,4923,,+43 7754 2315,,,,,48.1461253,13.4010342
143,10143,Altes Doktorhaus,nan 49,Schottwien,Niederösterreich,2641,,,,,,,47.6560182,15.871877
144,10144,Altes Forsthaus,Chlumeckyplatz 58,Bad Aussee,Steiermark,8990,,,,,,,47.6105776,13.783103
145,10145,Ambulatorium Obergurgl,,Sölden,Tirol,6456,,,,,,,46.8710183,11.0274537
146,10146,Artz dr. Iris Steiner,Lussgasse 8,Lermoos,Tirol,6631,,,,,,,47.4028498,10.8824096
147,10147,Arzt,nan 40,Lambrechten,Oberösterreich,4772,,,,,,,48.317432,13.5118662
148,10148,Arzt,Feldgasse 5,Sankt Barbara im Mürztal,Steiermark,8662,,,,,,,47.5346626,15.5093585
149,10149,Arzt,,Sonntag,Vorarlberg,6731,,,,,,,47.2330175,9.8873271
150,10150,Arzt,nan 10,Breitenau am Hochlantsch,Steiermark,8614,,,,,,,47.3912714,15.4298178
151,10151,Arzt,Aslangasse 13,Wien,Wien,1190,,,,,,,48.2522466,16.3375306
152,10152,Arzt - Alter Bahnhof,,Haringsee,Niederösterreich,2286,,,,,,,48.1913387,16.7818432
153,10153,Arzt Dr. Epp,Ludwig Brucknerstraße 7,Gedersdorf,Niederösterreich,3494,,,,,,,48.3972939,15.6967641
154,10154,Arzt für Allgemeinmedizin,Rieder Straße 255,Ottnang am Hausruck,Oberösterreich,4901,,,,,,,48.1154073,13.5992623
155,10155,"Arzt für Allgemeinmedizin, Heilmassage",,Brückl,Kärnten,9371,,,,,,,46.7488603,14.5325357
156,10156,Arzt für Homöopathie Barbara Reuter,,Seekirchen am Wallersee,Salzburg,5201,,,,,,,47.8975609,13.1336851
157,10157,Arztpraxis,Hauptplatz 4,Spannberg,Niederösterreich,2244,,,,,,,48.4645055,16.7386765
158,10158,Arztpraxis Angerberg,Unholzen 140,Angerberg,Tirol,6320,,,,,,,47.507954,12.0560748
159,10159,Arztpraxis Dr. Hager,Pratsdorfstraße 25,Pettenbach,Oberösterreich,4643,,,,,,,47.9604385,14.0226027
160,10160,Arztpraxis Frauenarzt Dr. M. Spanring,Parkstraße 30,Kirchdorf an der Krems,Oberösterreich,4560,,,,,,,47.902911,14.1260769
161,10161,Augenarzt Dr. Gerlach,,Seekirchen am Wallersee,Salzburg,5201,,,,,,,47.899246,13.1337151
162,10162,Balga Philipp Dr med,Amundsenstraße 44,Strasshof an der Nordbahn,Niederösterreich,2231,,02287 3939,,,,,48.3184561,16.6442395
163,10163,"Christina Keusch, Cranio Sacral Omnipath",Waidhofner Straße 10,Amstetten,Niederösterreich,3300,,,,,,,48.1099126,14.8441391
164,10164,DDr. Martin Haditsch,Hochstraße 6a,Leonding,Oberösterreich,4060,,,,,,,48.2798025,14.25232
165,10165,Diagnosepraxis,Leopold-Schäftner-Gasse 6,Perchtoldsdorf,Niederösterreich,2380,,+43 1 865 19 53,,,,,48.1203468,16.2558598
166,10166,Diagnosezentrum Donaustadt,Donaustadtstraße 1,Wien,Wien,1220,,,,,,,48.2414923,16.4358381
167,10167,Dialyseinstitut Dr. Gießauf,Elisabethstraße 54,Graz,Steiermark,8010,,,,,,,47.0759918,15.4566417
168,10168,Dialysezentrum Graz-West,Südbahnstraße 72,Graz,Steiermark,8020,,,,,No,,47.060014,15.4170505
169,10169,Dr Bammer,,Scharnstein,Oberösterreich,4644,,,,,,,47.8990787,13.9472382
170,10170,Dr Merz,Kurparkgasse 265,Wienerwald,Niederösterreich,2392,,,,,,,48.0975756,16.1347541
171,10171,Dr Topay,Hornweg 11,Kitzbühel,Tirol,6370,,,,,,,47.4490892,12.3920371
172,10172,Dr med Singer Markus,Hauptstraße 12,Zams,Tirol,6511,,,,,,,47.1524307,10.5832944
173,10173,Dr. Ainberger Christian,Dr.-Scheiberstraße 6a,Vöcklamarkt,Oberösterreich,4870,,+43 7682 6245-0,,,,,48.0010378,13.4873632
174,10174,Dr. Al-Sayegh,Dorfstraße 22,Hochwolkersdorf,Niederösterreich,2802,,,,,,,47.6604264,16.2815321
175,10175,Dr. Albert Sacherer,Wiener Straße 54,Kapfenberg,Steiermark,8605,,,,,,,47.4441184,15.292999
176,10176,Dr. Alireza Nouri,Hauptstraße 31/2,Wiener Neudorf,Niederösterreich,2351,,+43 2236 677776,,,,,48.0863801,16.3209763
177,10177,Dr. Alois Franz Waschnig,Schillerstraße 3,Leoben,Steiermark,8700,,,,,,,47.3750286,15.0963219
178,10178,Dr. Alois Klotz,Sonnfeld 4,Sankt Veit im Pongau,Salzburg,5621,,,,,,,47.331412,13.1529372
179,10179,Dr. Andrea Klinger - Praktischer Arzt,Grillparzerstraße 24,Dürnkrut,Niederösterreich,2263,,02538/80420,,,,,48.4708286,16.8456192
180,10180,Dr. Andrea Mittermayr,Am Schneiderbach 12,Gaaden,Niederösterreich,2531,,,,,,,48.0534163,16.2043131
181,10181,Dr. Andreas Matt,Römerstraße 72,Göfis,Vorarlberg,6811,,,,,,,47.2391345,9.6402542
182,10182,Dr. Andreas Perchinig,Peter-Melcher-Straße 13,Villach,Kärnten,9524,,,,,,,46.6149926,13.889109
183,10183,Dr. Andreas Weinberger,Traunseerstraße 9,Pinsdorf,Oberösterreich,4812,,+43761267965,,,,,47.9322863,13.7689949
184,10184,Dr. Anna Schellnegger,Hauptplatz 8,Bärnbach,Steiermark,8572,,,,,,,47.0701111,15.1293262
185,10185,Dr. Anton Kammerer,Weitersfelden 36,Weitersfelden,Oberösterreich,4272,,,,,,,48.478057,14.7278381
186,10186,Dr. Anton Prietl,Goethestraße 35,Knittelfeld,Steiermark,8720,,+43 3512 85266,,,,,47.2098696,14.8229634
187,10187,Dr. Ardelt,Linzer Straße 66,Marchtrenk,Oberösterreich,4614,,,,,,,48.1921867,14.1220425
188,10188,Dr. Arminger OEG,Puchberger Straße 41,Wels,Oberösterreich,4600,,+43 7242 51192,,,,,48.1800594,14.0237481
189,10189,Dr. Arpad Pock,Bahnstraße 21,Kreuzstetten,Niederösterreich,2124,,,,,,,48.4775525,16.4804191
190,10190,Dr. Astrid Penz,Fuxmagengasse 14,Hall in Tirol,Tirol,6060,,,,,,,47.2852657,11.504614
191,10191,Dr. Astrid Schwarz,nan 64,Sankt Johann im Saggautal,Steiermark,8453,,,,,,,46.7005733,15.3999245
192,10192,Dr. Auer,Schulgasse 12,Purbach am Neusiedler See,Burgenland,7083,,,,,,,47.914182,16.6951985
193,10193,Dr. Auer Anneliese,Hans-von-der-Sann-Straße 36,Eisenerz,Steiermark,8790,,,,,,,47.5425179,14.8901965
194,10194,Dr. Aufmesser,Judenbühel 3,Radstadt,Salzburg,5550,,+43 6452 7501,,,,,47.3854512,13.4670206
195,10195,Dr. Augl,Breitenangerstraße 11,Grein,Oberösterreich,4360,,,,,,,48.2279949,14.8439245
196,10196,Dr. Axel Gmeiner,August Strindberg-Straße 2,Mondsee,Oberösterreich,5310,,+43 6232 2994,,,,,47.8545217,13.3522753
197,10197,Dr. Barbara Dalmatiner-Pausch,St.Martiner-Straße 38,Villach,Kärnten,9500,,,,,,,46.6169349,13.8317457
198,10198,Dr. Barbara Schwegel - Kinderarzt,Pomonaweg 18,Villach,Kärnten,9523,,,,,,,46.643721,13.8687458
199,10199,Dr. Barbara Seiger,Hauptstraße 108,Hinterbrühl,Niederösterreich,2371,,,,,,,48.0858505,16.2415331
200,10200,Dr. Bernd Heschl,Kärntner Straße 32,Knittelfeld,Steiermark,8720,,+43 3512 86697,,,,,47.2117999,14.8221148
201,10201,Dr. Bernhard Eissner,Hexenwaldweg 221,Arnfels,Steiermark,8454,,,,,,,46.6761368,15.394898
202,10202,Dr. Bernhard Kiesenhofer,Meisterstraße 11,Leonding,Oberösterreich,4060,,,,,,,48.2470529,14.2487936
203,10203,Dr. Bernhard Kriechbaumer,Larnhauserweg 2,Leonding,Oberösterreich,4060,,,,,,,48.2738161,14.2745382
204,10204,Dr. Bernhard Schlosser,Liebenau 128,Liebenau,Oberösterreich,4252,,,,,Yes,,48.5315341,14.8035462
205,10205,Dr. Biack,Schloßbergweg 3,Mattsee,Salzburg,5163,,,,,,,47.9700615,13.1054299
206,10206,Dr. Binder,nan 43,Sankt Pantaleon,Oberösterreich,5120,,,,,,,48.0248208,12.8483624
207,10207,Dr. Binder,Alt Kirchberg 19,Sankt Pantaleon,Oberösterreich,5120,,,,,,,48.0062298,12.8680618
208,10208,Dr. Birgit Pechter,Hauptstraße 32,Münchendorf,Niederösterreich,2482,,+43 2259 2262,,,,,48.0287281,16.3797228
209,10209,Dr. Breban,Sonnenweg 10,Weng im Innkreis,Oberösterreich,4952,,,,,,,48.2305359,13.1738904
210,10210,Dr. Camilla Friedrich,Dr. Friedrichweg 2,Sankt Stefan ob Stainz,Steiermark,8511,,,,,,,46.9287908,15.251446
211,10211,Dr. Catharina Harasko - van der Meer,Obere Feldstraße 283,Pitten,Niederösterreich,2823,,+43 650 24 74 424,,,,,47.7143294,16.1786636
212,10212,Dr. Christa Laschober,Mitterweg 23,Traiskirchen,Niederösterreich,2512,,,,,,,48.010327,16.2735683
213,10213,Dr. Christian Euler,Turnerweg 8/1/5,Rust,Burgenland,7071,,,,,,,47.798553,16.6674678
214,10214,Dr. Christian Haunschmidt,Hauptstraße 22,Blindenmarkt,Niederösterreich,3372,,,,,,,48.1287944,14.9900374
215,10215,Dr. Christian Josef Nöbauer,Dorfstraße 8,Herzogsdorf,Oberösterreich,4175,,07231/2204,,,,,48.4292006,14.109437
216,10216,Dr. Christian Süß,Riegerting 9,Mehrnbach,Oberösterreich,4941,,+43 7752 82062,,,,,48.1778055,13.4033015
217,10217,Dr. Christian Winkler,Oberer Markt 5,Reichenthal,Oberösterreich,4193,,,,,,,48.5424208,14.3825462
218,10218,Dr. Christian Wolfgruber,Birkenweg 45,Hochburg-Ach,Oberösterreich,5122,,,,,,,48.1616978,12.8386326
219,10219,Dr. Christoph Hohn,Laudachweg 5,Vorchdorf,Oberösterreich,4655,,,,,,,48.0000227,13.9232296
220,10220,Dr. Claudia Wundsam,Birkenweg 14,Neustift im Mühlkreis,Oberösterreich,4143,,,,,,,48.5304981,13.7642194
221,10221,Dr. Claus Ulf Schlaffer,Rathausgasse 6,Neckenmarkt,Burgenland,7311,,,,,,,47.5963533,16.5502113
222,10222,Dr. Constanze Dennig-Staub,Andritzer Reichsstraße 163;161,Graz,Steiermark,8046,,,,,,,47.1113392,15.4038924
223,10223,Dr. Csillag,Westbahnstraße 34,Sankt Valentin,Niederösterreich,4300,,,,,,,48.1788551,14.5231001
224,10224,Dr. Dieter Nitsche,Buchbergstraße 7,Leonding,Oberösterreich,4060,,,,,,,48.2839871,14.258963
225,10225,Dr. Dock,Arztgasse nan,Lanzenkirchen,Niederösterreich,2821,,,,,,,47.7463039,16.2417192
226,10226,Dr. Dolecek,Schulstraße 22,Julbach,Oberösterreich,4162,,+43 7288 71055,,,,,48.6585901,13.8654274
227,10227,Dr. Dolensky,Wienerstraße 346,Gars am Kamp,Niederösterreich,3571,,,,,,,48.5964676,15.6678216
228,10228,Dr. Dominik Stadler,Schulstraße 8,Königswiesen,Oberösterreich,4280,,,,,,,48.4082301,14.8384663
229,10229,Dr. Drexler,,Mittersill,Salzburg,5730,,,,,,,47.2795185,12.479395
230,10230,"Dr. Ebermann, Dr. Waditschatka",Roseggerstraße 56,Mistelbach,Niederösterreich,2130,,,,,,,48.5664789,16.5874808
231,10231,Dr. Eduard Lopatka,nan 105,Rohrbach an der Lafnitz,Steiermark,8234,,,,,,,47.4014685,16.0039499
232,10232,Dr. Eduard Schlömmer Arzt für Allgemeinmedizin,Römerstraße 5,Schwanenstadt,Oberösterreich,4690,,,,,,,48.0498871,13.7703013
233,10233,Dr. Eisele,Liechtensteinstraße 36,Mistelbach,Niederösterreich,2130,,+43 2572 2829,,,,,48.5660198,16.5810938
234,10234,Dr. Elisabeth Stadter-Halmer,Hauptstraße 43,Wiener Neudorf,Niederösterreich,2351,,+43 2236 61111,,,,,48.0855419,16.3226445
235,10235,Dr. Elmar Lingg,Bödmerstraße 7,Mittelberg,Vorarlberg,6993,,,,,,,47.3245152,10.1578659
236,10236,Dr. Erhart,,Bürmoos,Salzburg,5111,,,,,,,47.9827041,12.9215113
237,10237,Dr. Ernst & Dr. Marion Kröpl,Alexiusweg 14,Hellmonsödt,Oberösterreich,4202,,,,,,,48.4326787,14.300195
238,10238,Dr. Ernst Richter,Holzheimer Straße 104,Leonding,Oberösterreich,4060,,,,,,,48.2884433,14.2521241
239,10239,Dr. Etzler,Wiesnerstraße 7,Altheim,Oberösterreich,4950,,,,,,,48.2492142,13.2348744
240,10240,Dr. Eva Maria Stoxreiter,Mirnockstraße 111,Millstatt am See,Kärnten,9872,,+43 (0)4766 2027,,,,,46.8037396,13.5752777
241,10241,Dr. Fidel Elsensohn,Schlößlestraße 36,Röthis,Vorarlberg,6832,,,,,,,47.2900322,9.6601555
242,10242,Dr. Franz Daringer,Passionsweg 34,Mettmach,Oberösterreich,4931,,,,,,,48.1741546,13.3424617
243,10243,Dr. Franz Ploder,Stein an der Enns 185,Sölk,Steiermark,8961,,,,,,,47.4343503,13.9423952
244,10244,Dr. Franz Schwelle,Mitschastraße 11,Mistelbach,Niederösterreich,2130,,,,,,,48.5658574,16.5748746
245,10245,Dr. Freigassner Maria Martina,Statteggerstraße 165,Stattegg,Steiermark,8046,,+43 316 816681,,,,,47.1307343,15.4242322
246,10246,Dr. Friedl,Lusweg 1,Ulrichsberg,Oberösterreich,4161,,,,,,,48.6725442,13.9160834
247,10247,Dr. Friedrich Brandstetter,Spreitzergasse 1,Mistelbach,Niederösterreich,2130,,+43 2572 2164,,,,,48.5709196,16.5639385
248,10248,Dr. Friedrich Ritter,nan 38,Gasen,Steiermark,8616,,,,,,,47.3841459,15.5800139
249,10249,Dr. Fuchs,Ferdinandsplatz 3,Sieghartskirchen,Niederösterreich,3443,,,,,,,48.2547355,16.0144395
250,10250,Dr. Gabriel,Schindlweg 7,Ulrichsberg,Oberösterreich,4161,,,,,,,48.675167,13.9067507
251,10251,Dr. Gabriela Fidler-Straka,Wiener Straße 62,Spillern,Niederösterreich,2104,,,,,,,48.3768925,16.2643407
252,10252,Dr. Gabriele Rehfeld-Schwarzer,Hauptstraße 101,Eichgraben,Niederösterreich,3032,,,,,,,48.1683064,15.979903
253,10253,Dr. Galle,Wiener Straße 23,Großweikersdorf,Niederösterreich,3701,,,,,,,48.4706064,15.9843004
254,10254,Dr. Ganthaler,,Au,Vorarlberg,6883,,,,,,,47.3286575,9.9748022
255,10255,Dr. Gerald Mair,Karl-Mauracher-Weg 26,Fügen,Tirol,6263,,,,,,,47.3422575,11.8492546
256,10256,Dr. Gerald Moser,Markt 2,Sankt Georgen am Walde,Oberösterreich,4372,,,,,,,48.3599959,14.8955258
257,10257,Dr. Gerhard Gruber,Römerstraße 20,Vorchdorf,Oberösterreich,4655,,,,,,,47.9977896,13.9324241
258,10258,Dr. Gerhard Huber,Brunnengasse 6,Hof am Leithaberge,Niederösterreich,2451,,,,,No,,47.9437564,16.5806832
259,10259,Dr. Gerhard Walter,Franz-Pilz-Straße 5,Amstetten,Niederösterreich,3300,,,,,,,48.1101787,14.8736293
260,10260,Dr. Gerlinde Rodemund,Alpenblickstraße 38,Leonding,Oberösterreich,4060,,,,,,,48.2816475,14.2576927
261,10261,Dr. Gerlis Schlögl,Schubertstraße 1,Knittelfeld,Steiermark,8720,,,,,,,47.2111497,14.8260933
262,10262,Dr. Grabner,Grüner Weg 16,Sankt Georgen im Attergau,Oberösterreich,4880,,,,,,,47.9337364,13.4837815
263,10263,"Dr. Gumpinger Hand, Allgemeinmedizin",,Ernstbrunn,Niederösterreich,2115,,,,,,,48.5284281,16.3672387
264,10264,Dr. Gärtner Martin,Schulstraße 1,Molln,Oberösterreich,4591,,,,,,,47.8851091,14.2569277
265,10265,Dr. Günter Steinhardt,Sartrestraße 11,Pucking,Oberösterreich,4055,,,,,,,48.185349,14.1793673
266,10266,Dr. H.C. Pichler-Gerges,Rettenbergstraße 12,Kolsass,Tirol,6114,,,,,,,47.3003059,11.6293252
267,10267,Dr. Handojo Soeparno,Unternalbstraße 239,Retz,Niederösterreich,2070,,,,,,,48.7512285,15.9523778
268,10268,Dr. Hans Christian Filz,Neugasse 22a,Deutschkreutz,Burgenland,7301,,+43 2613 80172,,,,,47.6005305,16.6296912
269,10269,Dr. Hans Trojer,nan 27,Prägraten am Großvenediger,Tirol,9974,,,,,,,47.0172079,12.3755384
270,10270,Dr. Haselbruner,Feld-Weg 22a,Frankenmarkt,Oberösterreich,4890,,,,,,,47.9893152,13.412772
271,10271,Dr. Heimo Korber,Hauptstraße 3,Sankt Margarethen bei Knittelfeld,Steiermark,8720,,+43 3512 44500,,,,,47.2273159,14.8595965
272,10272,Dr. Heinz Hammerschmidt,Herrengartenweg 13,Hard,Vorarlberg,6971,,,,,,,47.4889955,9.6960398
273,10273,Dr. Helga Richter,Grinzinger Allee 39,Wien,Wien,1190,,+43 1 320 14 46,,,,,48.2537144,16.3419103
274,10274,Dr. Helmut Köck,,Groß-Siegharts,Niederösterreich,3812,,,,,,,48.7883241,15.4018155
275,10275,Dr. Helmut Leidemann,nan 136,Hardegg,Niederösterreich,2092,,,,,,,48.8545308,15.7695223
276,10276,Dr. Helmut Nimmerfall,Albrechtstraße 24a,Wels,Oberösterreich,4600,,+43 7242 605600,,,,,48.1573998,13.9913254
277,10277,Dr. Herbert Petermichl,Obere Hauptstraße 41,Sankt Ruprecht an der Raab,Steiermark,8181,,,,,,,47.1552231,15.6619621
278,10278,Dr. Herbert Walzel,Kruppstraße 25,Berndorf,Niederösterreich,2560,,,,,,,47.9424203,16.1031843
279,10279,Dr. Herwig Rotter,Wieshöfstraße 14,Karlstetten,Niederösterreich,3121,,+43 2741 7300,,,,,48.2562318,15.5615009
280,10280,Dr. Hohl,Georgestraße 27,Langenstein,Oberösterreich,4222,,,,,,,48.2529485,14.4746007
281,10281,Dr. Holger August Grassner,Hinterstoder 73,Hinterstoder,Oberösterreich,4573,,+43 (7564) 55550,,,,,47.6967517,14.1473431
282,10282,Dr. Hosp,Unterkramsach 73,Kramsach,Tirol,6233,,,,,,,47.4431774,11.8875843
283,10283,Dr. Huber,Am Zeilberg 1,Wiesmath,Niederösterreich,2811,,,,,,,47.6152964,16.2837437
284,10284,Dr. Hubert Niedermayr,Weidenstraße 10,Gampern,Oberösterreich,4851,,+4376828707,,,,,47.986475,13.5507827
285,10285,Dr. Hutgrabner Christoph,Stocket 8,Sankt Marienkirchen am Hausruck,Oberösterreich,4926,,,,,,,48.1892426,13.5681937
286,10286,Dr. Höftberger,Rainerweg 5,Frankenburg am Hausruck,Oberösterreich,4873,,,,,,,48.0652714,13.4866291
287,10287,Dr. Irene Mann,Kremser Straße 16a,Hausleiten,Niederösterreich,3464,,+43 2265 7356,,,,,48.394344,16.0986907
288,10288,Dr. Iris Jäger,Kreuzstraße 3a,Schlins,Vorarlberg,6824,,,,,,,47.2061502,9.6987923
289,10289,Dr. Irmagard Schwender,Altenmarkter Straße 49,Wies,Steiermark,8551,,,,,,,46.7146579,15.2623085
290,10290,Dr. Isabella Roth,Buchbergstraße 1,Leonding,Oberösterreich,4060,,,,,,,48.2835006,14.2582277
291,10291,Dr. Johann Cserko,Arbeiterheimstraße 3,Strasshof an der Nordbahn,Niederösterreich,2231,,+43 2287 4477,,,,,48.3156854,16.636656
292,10292,Dr. Johann Trippolt,Bahnhofstraße 12,Schruns,Vorarlberg,6780,,,,,,,47.0793916,9.9189218
293,10293,Dr. Johannes Füreder / Dr. Magdalena Liebhart,Harterfeldstraße 31,Leonding,Oberösterreich,4060,,,,,,,48.2605902,14.2540934
294,10294,Dr. Josef Schützenberger,Schulstraße 32,Königswiesen,Oberösterreich,4280,,,,,,,48.4089506,14.8358108
295,10295,Dr. Judith Meryem Müller,Sigmund-Freud-Straße 68,Bad Aussee,Steiermark,8990,,,,,,,47.6162537,13.7794182
296,10296,Dr. Jörg Schweiger,Dr-Josef-Genger-Platz 565,Admont,Steiermark,8911,,,,,,,47.5786249,14.4611312
297,10297,Dr. Jürgen Schneider,Flurstraße 28,Höchst,Vorarlberg,6973,,,,,,,47.465536,9.6450124
298,10298,Dr. Karin Limbeck,Hauptstraße 2,Wallern im Burgenland,Burgenland,7151,,+43 2174 26651,,,,,47.7250394,16.9366622
299,10299,Dr. Karin Mittendorfer,Markt 5,Unterweißenbach,Oberösterreich,4273,,,,,,,48.4339208,14.7824766
300,10300,Dr. Karin Pietsch,Neunkirchener Straße 55,Puchberg am Schneeberg,Niederösterreich,2734,,,,,,,47.7810133,15.91836
301,10301,Dr. Karl Schnell,,Saalbach-Hinterglemm,Salzburg,5753,,,,,,,47.3883172,12.6472271
302,10302,Dr. Karl-Heinz Grotti,Johann-Georg-Seyfried-Weg 1,Weiler,Vorarlberg,6837,,,,,,,47.3028581,9.6536121
303,10303,Dr. Kerbl-Hofinger,Untere Marktstraße 11a,Sieghartskirchen,Niederösterreich,3443,,,,,,,48.258895,16.0124652
304,10304,Dr. Kerstin Gasser-Puck,Pfarrfeld 5,Brixen im Thale,Tirol,6364,,05334/8181,,,,,47.4512128,12.2523342
305,10305,Dr. Kiraly,Baumgartenstraße 5,Markgrafneusiedl,Niederösterreich,2282,,,,,,,48.267986,16.6243645
306,10306,Dr. Klaudia Dobrounig,Hauptplatz 23,Griffen,Kärnten,9112,,,,,,,46.7032064,14.7299701
307,10307,Dr. Klaus Fürst,Lederergasse 12,Lembach im Mühlkreis,Oberösterreich,4132,,,,,,,48.4968609,13.8974376
308,10308,Dr. Klaus Gstirner,Körblergasse 10,Graz,Steiermark,8010,,,,,,,47.079109,15.4443574
309,10309,Dr. Klaus Rolli,Schulstraße 10,Leonding,Oberösterreich,4060,,,,,,,48.2503636,14.2571293
310,10310,Dr. Klaus Sabin,Karl Morre-Gasse 7,Leibnitz,Steiermark,8430,,,,,,,46.7804491,15.5422955
311,10311,Dr. Krump,Stiftsfeld 19,Fischlham,Oberösterreich,4652,,,,,,,48.0850881,13.9510225
312,10312,Dr. Krösslhuber,Bahnhofstraße 27,Altheim,Oberösterreich,4950,,+43 7723 42322,,,,,48.2519458,13.2343222
313,10313,Dr. Kugler,,Eisenstadt,Burgenland,7000,,,,,,,47.8453594,16.5186038
314,10314,Dr. Kurt Hlawacek,Bahnstraße 20,Bad Vöslau,Niederösterreich,2540,,,,,,,47.9672699,16.2181944
315,10315,Dr. Kurt Jenny,Arlbergstraße 94,Innerbraz,Vorarlberg,6751,,,,,,,47.1444896,9.9185557
316,10316,Dr. Leitner,Ameisbergweg 2,Kollerschlag,Oberösterreich,4154,,07287 83490,,,,,48.6018854,13.8420604
317,10317,Dr. Leopold Reichinger,Ringstraße 13,Sankt Leonhard bei Freistadt,Oberösterreich,4294,,,,,,,48.441241,14.6710895
318,10318,"Dr. Linser, Allgemeinmedizin",Dr.Siegfried Gapp Weg 7,Mieming,Tirol,6414,,,,,,,47.3062197,10.9658121
319,10319,Dr. Manfred Ganneshofer,Hauptstraße 32,Zistersdorf,Niederösterreich,2225,,,,,,,48.5451994,16.7647826
320,10320,Dr. Manuel Langer,Marienplatz 2A,Perchtoldsdorf,Niederösterreich,2380,,+43 1 244 70 72,,,,,48.1251889,16.2804594
321,10321,Dr. Margareta Schmidt-Orban,Obere Hauptstraße 51,Nickelsdorf,Burgenland,2425,,004321462323,,,,,47.9419064,17.0633139
322,10322,Dr. Marianne Böckelberger,,Klagenfurt am Wörthersee,Kärnten,9020,,,,,,,46.6498531,14.2798312
323,10323,Dr. Marietta Pernsteiner,Dallingerstraße 13,Leonding,Oberösterreich,4060,,,,,,,48.2761793,14.2469449
324,10324,Dr. Markus Heiml,Industriegasse 4,Bruck an der Mur,Steiermark,8600,,,,,,,47.4206264,15.2746916
325,10325,Dr. Markus Huber Facharzt für Allgemeinmedizin,Osterndorfer Straße 7,Bad Häring,Tirol,6323,,,,,,,47.5131664,12.1205377
326,10326,Dr. Markus Sommer,Hirtenberger Straße 30,Berndorf,Niederösterreich,2560,,,,,,,47.937147,16.1597669
327,10327,Dr. Martin Handel,Parkstraße 12,Knittelfeld,Steiermark,8720,,+43 3512 853090,,,,,47.2119605,14.8269634
328,10328,Dr. Martin Jud,Straubstraße 1a,Hall in Tirol,Tirol,6060,,,,,,,47.2839491,11.5069833
329,10329,Dr. Martin Krüger,Mischlgutweg 1,Anif,Salzburg,5081,,06246/ 72 96 9,,,,,47.7475632,13.0649038
330,10330,Dr. Matthias Skopek,Rudolfstraße 11,Langenlois,Niederösterreich,3550,,,,,,,48.4719354,15.67502
331,10331,Dr. Merz,Schöffelstraße 214,Wienerwald,Niederösterreich,2392,,,,,,,48.101257,16.1379376
332,10332,Dr. Michael Ackerl,Hubertusgasse 10,Oberpullendorf,Burgenland,7350,,,,,,,47.4965498,16.5128455
333,10333,Dr. Michael Gasser,Völkendorfer Straße 25a,Villach,Kärnten,9500,,+43 4242 52838,,,,,46.6099058,13.8350081
334,10334,Dr. Michael Heinrich,Hauptstraße 76,Deutschkreutz,Burgenland,7301,,+43 2613 89260,,,,,47.5978352,16.6270956
335,10335,Dr. Michael Jahn,Langenharterstraße 78,Sankt Valentin,Niederösterreich,4300,,,,,,,48.1727763,14.5180745
336,10336,Dr. Michael Schriefl,Seestraße 11,Mörbisch am See,Burgenland,7072,,+43 2685 8240,,,,,47.7551262,16.6698672
337,10337,Dr. Michael Wanzenböck,Hauptstraße 82,Gutenstein,Niederösterreich,2770,,,,,,,47.8765429,15.8963739
338,10338,Dr. Monika Hinterberger,Pilotengasse 30,Wien,Wien,1220,,,,,,,48.2214411,16.4824408
339,10339,Dr. Monika Paireder,Hauptstraße 17,Schiedlberg,Oberösterreich,4521,,,,,,,48.0917078,14.2675957
340,10340,Dr. Moser,Angergasse 48,Deutsch Schützen-Eisenberg,Burgenland,7474,,+43 3365 220 20,,,,,47.1605422,16.4475077
341,10341,Dr. Neuner,Bahnhofstraße 38a,Völs,Tirol,6176,,+43512302530,,,,,47.2551718,11.320335
342,10342,Dr. Nico Schoklitsch,,Mauterndorf,Salzburg,5570,,,,,,,47.1321784,13.6812415
343,10343,Dr. Niedermayer,Hagergasse 21,Deutsch-Wagram,Niederösterreich,2232,,,,,,,48.3003137,16.5595654
344,10344,Dr. Norbert Haberbusch,Bauordenstraße 23,Wels,Oberösterreich,4600,,+437242/45080,,,,,48.1493672,14.0021514
345,10345,Dr. Nöbauer,Kobernaußerwaldstraße 22,Lengau,Oberösterreich,5212,,,,,Yes,,48.0260222,13.2928287
346,10346,"Dr. Oberleit, Allgemeinmedizin",Barwies 271,Mieming,Tirol,6414,,,,,,,47.3056772,10.9651993
347,10347,Dr. Olaf Wonisch,Hauptstraße 262,Sankt Peter am Ottersbach,Steiermark,8093,,,,,,,46.801199,15.758538
348,10348,Dr. Oliver Lammel,nan 381,Ramsau am Dachstein,Steiermark,8972,,+43 3687 81081,,,,,47.4199615,13.658896
349,10349,Dr. Orges Fezga,Hauptstraße 1,Berndorf,Niederösterreich,2560,,,,,,,47.9384958,16.1554726
350,10350,Dr. Oswald Heis,Weidach 293a,Leutasch,Tirol,6105,,+43 5214 6910,,,,,47.3696608,11.1584103
351,10351,Dr. Otmar Eckhart,Leonsteinerstraße 41,Grünburg,Oberösterreich,4592,,,,,,,47.9093956,14.2355143
352,10352,Dr. Ottinger Franz,Brucknerweg 17,Frankenburg am Hausruck,Oberösterreich,4873,,,,,,,48.0699164,13.4876187
353,10353,Dr. Panhofer,,Ungenach,Oberösterreich,4841,,,,,No,,48.0463675,13.6133933
354,10354,Dr. Paula Schmied,Hauptstraße 6,Petronell-Carnuntum,Niederösterreich,2404,,,,,,,48.1119126,16.8609396
355,10355,Dr. Payrich - Prakt. Arzt,Neubaugasse 49,Sankt Andrä am Zicksee,Burgenland,7161,,,,,,,47.7877348,16.9466696
356,10356,Dr. Permanschlager,Pantaleoner Straße 2,Sankt Pantaleon,Oberösterreich,5120,,,,,,,48.0110122,12.8930402
357,10357,Dr. Peter Arends,Grazer Straße 25,Güssing,Burgenland,7540,,,,,,,47.0475883,16.3197061
358,10358,Dr. Peter Fuchs,nan 160,Ratten,Steiermark,8673,,,,,,,47.485222,15.7236422
359,10359,Dr. Peter Peer,Juns 592,Tux,Tirol,6293,,,,,,,47.1406563,11.715343
360,10360,Dr. Petra Steinhart,Ulmenweg 1,Ansfelden,Oberösterreich,4052,,,,,,,48.2247482,14.2936055
361,10361,Dr. Pfefferkorn,,Grän,Tirol,6673,,,,,,,47.5031629,10.5552431
362,10362,Dr. Pils,,Scharnstein,Oberösterreich,4644,,,,,,,47.9027549,13.9585674
363,10363,Dr. Reinhard Smutny,Karl-Schwed-Gasse 39,Wien,Wien,1230,,+43 1 887 36 53,,,,,48.1580674,16.28009
364,10364,Dr. Reinhold Fasching,Neustiftstraße 7,Frauenkirchen,Burgenland,7132,,0043 2172 289 70,,,,,47.8374867,16.9223415
365,10365,Dr. Reinhold Függer,Alhartinger Weg 18,Leonding,Oberösterreich,4060,,,,,,,48.2818557,14.2461157
366,10366,Dr. Renate Thiele,Herzogstraße 29,Leonding,Oberösterreich,4060,,,,,,,48.2491673,14.2544966
367,10367,Dr. Richard Winklehner,Steingarten 32,Schönau im Mühlkreis,Oberösterreich,4274,,,,,,,48.400178,14.7276171
368,10368,Dr. Roland Lanzersdorfer,Altbauerstraße 13,Ansfelden,Oberösterreich,4052,,,,,,,48.2250672,14.2923495
369,10369,Dr. Rudlof Bogad,Pürrergasse 4,Katzelsdorf,Niederösterreich,2801,,,,,,,47.7812179,16.2711044
370,10370,Dr. Rudolf Rüscher,nan 368,Andelsbuch,Vorarlberg,6866,,,,,,,47.4112452,9.8950106
371,10371,Dr. Rudolf Staudacher,Dietrichsteinerstraße 13,Finkenstein am Faaker See,Kärnten,9583,,,,,,,46.5667843,13.912129
372,10372,Dr. Salam Jabbour,Brucker Straße 24,Gratkorn,Steiermark,8101,,,,,,,47.1354966,15.3353093
373,10373,Dr. Sandra Michaela Brunner,Hartbergerstraße 1,Buchkirchen,Oberösterreich,4611,,,,,,,48.2237144,14.0191563
374,10374,"Dr. Schmid Bernhard, prakt. Arzt",nan 123,Zwettl-Niederösterreich,Niederösterreich,3910,,,,,,,48.672083,15.1625611
375,10375,Dr. Schnopfhagen-Matura,Schubertviertel 33,Sankt Valentin,Niederösterreich,4300,,,,,,,48.1729118,14.5286975
376,10376,Dr. Schultes,,Neidling,Niederösterreich,3110,,,,,,,48.2369942,15.556366
377,10377,Dr. Schuster,Kreuzfeld 14,Engerwitzdorf,Oberösterreich,4209,,,,,,,48.3412943,14.4175507
378,10378,Dr. Schwaiger,Richtstraße 35,Villach,Kärnten,9500,,,,,,,46.5964335,13.8441234
379,10379,Dr. Schwarzmann,,Bezau,Vorarlberg,6870,,,,,,,47.3790507,9.8940563
380,10380,Dr. Schöninger,nan 43,Enns,Oberösterreich,4470,,,,,,,48.2159664,14.446801
381,10381,Dr. Sereinigg,Josef-Marx-Gasse 2,Ferlach,Kärnten,9170,,,,,,,46.524318,14.3015219
382,10382,Dr. Siegfried Wess,nan 144,Sankt Georgen ob Judenburg,Steiermark,8756,,+43 35 83 - 22 49,,,,,47.2087954,14.4980691
383,10383,Dr. Smoliner,Adalbert Stifter-Gasse 11,Deutsch-Wagram,Niederösterreich,2232,,,,,,,48.314825,16.5956035
384,10384,Dr. Sonja Gapp,Baderplatz 108,Hallstatt,Oberösterreich,4830,,,,,,,47.5619081,13.6496391
385,10385,Dr. Spießberger Johannes,Johann-Strauß-Straße 1,Vöcklamarkt,Oberösterreich,4870,,+43 7682 2322,,,,,47.9985266,13.486988
386,10386,Dr. Stadlmayr,Bachweg 11,Frankenburg am Hausruck,Oberösterreich,4873,,,,,,,48.0662439,13.4933962
387,10387,Dr. Stefan Walser,Sulzhofen 14,Sulz,Vorarlberg,6832,,,,,,,47.2901036,9.6531241
388,10388,Dr. Steinhauser,Bifangstraße 31a,Feldkirch,Vorarlberg,6800,,,,,,,47.2547291,9.5895536
389,10389,Dr. Susanne Natiesta,Rudolf-Waisenhorn-Gasse 63,Wien,Wien,1230,,+43 699 10089876,,,,,48.14094,16.27008
390,10390,Dr. Susanne Scholtes- Domian,Traidersbergstraße 17,Sankt Peter-Freienstein,Steiermark,8792,,+43 3842 25 3 90,,,,,47.3961791,15.0297903
391,10391,Dr. Thomas Fitz,Hauptstraße 145,Bad Aussee,Steiermark,8990,,,,,,,47.6100203,13.7838405
392,10392,Dr. Thomas Hollenstein,nan 836,Schwarzenberg,Vorarlberg,6867,,,,,,,47.4129022,9.8595348
393,10393,Dr. Thomas Horvath,Reutelestraße 31,Hard,Vorarlberg,6971,,,,,,,47.4834183,9.6826288
394,10394,Dr. Thomas Mosing,Fabrikstraße 10,Niklasdorf,Steiermark,8712,,,,,,,47.3975638,15.1556451
395,10395,Dr. Thomas Preimesberger,,Bad Aussee,Steiermark,8990,,,,,,,47.6083809,13.7839871
396,10396,Dr. Tockner,nan 17,Arnfels,Steiermark,8454,,+43 3455 6464,,,,,46.6776551,15.4020231
397,10397,Dr. Tragatschnig,Sportplatzstraße 306,Paternion,Kärnten,9710,,,,,,,46.7021931,13.6651395
398,10398,Dr. Ursula Huber,Parkstraße 2b,Hinterbrühl,Niederösterreich,2371,,,,,,,48.0865429,16.2507461
399,10399,Dr. Veonika König,Moriz-Schadek-Gasse 28,Waidhofen an der Thaya,Niederösterreich,3830,,,,,,,48.8127765,15.2841393
400,10400,Dr. Weber,Neubaustraße 8,Grünbach am Schneeberg,Niederösterreich,2733,,,,,,,47.7990861,15.9844273
401,10401,Dr. Weinlich,nan 169,Weitersfeld,Niederösterreich,2084,,,,,,,48.7825626,15.8133024
402,10402,Dr. Weitersberger,Dorfstraße 19,Pierbach,Oberösterreich,4282,,,,,,,48.3479617,14.7571624
403,10403,Dr. Werner Hladik,,Hollabrunn,Niederösterreich,2020,,,,,,,48.5629612,16.0798123
404,10404,Dr. Wildner Michael,Johann-Paul-Gruber-Weg 6,Zirl,Tirol,6170,,,,,,,47.2708805,11.2456565
405,10405,Dr. Wilhelm Jordan,Salzleckerstraße 12,Schwarzach im Pongau,Salzburg,5620,,,,,,,47.3208604,13.1520049
406,10406,Dr. Willibald Stulnig,Lindenweg 3,Wundschuh,Steiermark,8142,,,,,,,46.9278399,15.4521205
407,10407,Dr. Wolfgang Aschauer;FA für Frauenheilkunde und Gynäkologie;Wahlarzt,Schulstraße 6,Kremsmünster,Oberösterreich,4550,,+43-7583-8420,,,,,48.0513355,14.1271573
408,10408,Dr. Wolfgang Hehenwarter,Kariglstraße 1/2,Leonding,Oberösterreich,4060,,,,,,,48.2766423,14.2556938
409,10409,Dr. Wolfgang Niedermair,Grieskirchner Straße 7,Wels,Oberösterreich,4600,,,,,,,48.169066,14.0245991
410,10410,Dr. Wolfgang Schuller,Bahngasse 25,Oberpullendorf,Burgenland,7350,,,,,,,47.4945905,16.505773
411,10411,Dr. Wolfgang Wurdinger,Winkelstraße 6,Leonding,Oberösterreich,4060,,,,,,,48.2699851,14.2429764
412,10412,Dr. Wutti,Dollichgasse 5,Ferlach,Kärnten,9170,,,,,,,46.5276177,14.3041897
413,10413,Dr. Zanier Peter,,Lienz,Tirol,9900,,,,,,,46.8315302,12.7731707
414,10414,Dr. med. Christian Schroth,nan 22,Mallnitz,Kärnten,9822,,,,,,,46.9887247,13.1700906
415,10415,Dr. med. Peter Laszloffy,Zellerstraße 27,Bruck an der Großglocknerstraße,Salzburg,5671,,,,,,,47.2885057,12.8215245
416,10416,Dr. med. Stefan Rebhandl,Dorfplatz 2,Klaffer am Hochficht,Oberösterreich,4163,,07288/6504,,,,,48.6955141,13.8802353
417,10417,Dr. med. Thomas Wolf,Sporerweg 307,Millstatt am See,Kärnten,9872,,,,,,,46.8123757,13.5586344
418,10418,Dr. med. Winfried Burtscher,Königsboden 145,Dalaas,Vorarlberg,6752,,,,,No,,47.1239115,10.0017894
419,10419,Dr. med. univ Renate Wurm,Marktplatz 12,Amstetten,Niederösterreich,3363,,,,,,,48.0781111,14.8254494
420,10420,Dr. med. univ. Josef Weinhart,Schloßstraße 4,Amstetten,Niederösterreich,3363,,,,,,,48.0760928,14.8190072
421,10421,Dr. med. univ. Werenfrid Heger,Wilhelm-Vogl-Straße 48,Amstetten,Niederösterreich,3363,,,,,,,48.0818714,14.8118647
422,10422,Dr. Übeleis,Kranholzstraße 3,Kirchberg-Thening,Oberösterreich,4062,,,,,,,48.2567226,14.1571035
423,10423,Dr.Buchegger,Raiffeisenplatz 3,Pöggstall,Niederösterreich,3650,,,,,,,48.31796,15.2017394
424,10424,Dr.Grünberger,Im Himmelreich 3,Münzkirchen,Oberösterreich,4792,,,,,,,48.48496,13.5692971
425,10425,Dr.Tenora,Hauptstraße 192,Maria-Anzbach,Niederösterreich,3034,,,,,,,48.1905455,15.9288326
426,10426,Dr.Wüstner,Warth 67,Warth,Vorarlberg,6767,,,,,,,47.2590659,10.179469
427,10427,Dr.med Christoph Dachs & Dr.med Doris Diess,Rifer Hauptstraße 34,Hallein,Salzburg,5400,,+43 6245 76220,,,,,47.7241315,13.0647807
428,10428,Dr.med. Roland Fuschelberger,Dorf 2,Aldrans,Tirol,6071,,+43 512 394042,,,,,47.2521713,11.4462629
429,10429,Eduard Auff,An den langen Lüssen 4,Wien,Wien,1190,,,,,,,48.2530095,16.3414286
430,10430,Etzelsdorfer Roland,Birkenfeld 4,Sankt Oswald bei Freistadt,Oberösterreich,4271,,,,,,,48.5023018,14.5790117
431,10431,Facharzt Ordination Physikalische Medizin u. allg. Rehab,Quadenstraße 41,Wien,Wien,1220,,,,,,,48.2378611,16.4790657
432,10432,Frauenarzt Stefanovic,Wagramer Straße 173,Wien,Wien,1220,,,,,,,48.25767,16.4486226
433,10433,Frauengesundheitszentrum Wels,Kaiser-Josef-Platz 52,Wels,Oberösterreich,4600,,,,,,,48.160699,14.0241133
434,10434,Geiss,Gaadner Straße 2a,Hinterbrühl,Niederösterreich,2371,,,,,,,48.0847717,16.2566992
435,10435,Gemeindearzt Dr. Gabler,Gafringstraße 5,Euratsfeld,Niederösterreich,3324,,+43 7474 280,,,,,48.0816663,14.9334551
436,10436,Gemeindeärztin,Wolfsbrunn 5,Sommerein,Niederösterreich,2453,,,,,,,47.9951331,16.6660265
437,10437,Gertraud Unterholzer,Semmelweisstraße 1,Pucking,Oberösterreich,4055,,,,,,,48.1872767,14.182428
438,10438,Gesundheitshaus Dr. Christoph Jecel,Untere Hauptstraße 24,Böheimkirchen,Niederösterreich,3071,,02743/2400,,,,,48.1975407,15.7668522
439,10439,Gesundheitsschmiede Dr. Stephan Weber,Jägerweg 3b,Villach,Kärnten,9500,,+43 4242 28548,,,,,46.6235979,13.8601553
440,10440,Gesundheitszentrum,Hauptstraße 31,Bisamberg,Niederösterreich,2102,,,,,,,48.3297112,16.3595244
441,10441,Gesundheitszentrum,,Steyr,Oberösterreich,4400,,,,,,,48.0382303,14.4215267
442,10442,Gesundheitszentrum,Robert Graf Platz 2,Eisenstadt,Burgenland,7000,,,,,,,47.8439627,16.5264064
443,10443,Gesundheitszentrum Herrenstraße,Herrenstraße 54,Linz,Oberösterreich,4020,,,,,,,48.2986106,14.2874934
444,10444,Gesundheitszentrum Joglland,nan 200,Vorau,Steiermark,8250,,,,,,,47.4112472,15.892809
445,10445,Gruppenpraxis Dr. Arthur Penn und Dr. Christoph Aumayr,Penngasse 5,Reichenau im Mühlkreis,Oberösterreich,4204,,,,,,,48.4554409,14.3521003
446,10446,Gruppenpraxis Strasshof,Hauptstraße 292/1,Strasshof an der Nordbahn,Niederösterreich,2231,,+43 2287 4444,,,,,48.3171196,16.6404556
447,10447,Hausapotheke Dr Ulrich Busch,Poybachsiedlung 1,Großkrut,Niederösterreich,2143,,,,,,,48.6451576,16.7153524
448,10448,Herzpraxis Wolber,St.-Ulrich-Straße 40,Götzis,Vorarlberg,6840,,+43 5523 51183,,,,,47.3362346,9.6390441
449,10449,Heschl - Landarztteam f. Allgemeinmedizin,Stadlweg 1,Oed-Oehling,Niederösterreich,3312,,,,,,,48.1226741,14.7415419
450,10450,Kerschbaumer,Pichler Straße 1,Gunskirchen,Oberösterreich,4623,,,,,,,48.1333652,13.9404953
451,10451,Kovacic,Matzingthalstraße 15,Laakirchen,Oberösterreich,4663,,,,,,,47.9849921,13.8246722
452,10452,Labor Dr. Leisch,Waltherstraße 5,Linz,Oberösterreich,4020,,,,,,,48.302354,14.2843503
453,10453,Labor Dr. Philadelphy,Völser Straße 14,Innsbruck,Tirol,6020,,,,,,,47.2502221,11.3628426
454,10454,Labor Dr. Theurl,Franz-Fischer-Straße 7b,Innsbruck,Tirol,6020,,,,,,,47.2580673,11.3950091
455,10455,Lungenfacharzt Dr. Hofinger,Flecknertorgasse 7,Scheibbs,Niederösterreich,3270,,,,,,,48.0067837,15.1679064
456,10456,MED22 Gesundheitszentrum,Stadlauer Straße 62,Wien,Wien,1220,,,,,,,48.2311746,16.4579284
457,10457,MR Dr. Helmut Niederecker,Ingenieur-Eugen-Essenther-Straße 16,Berndorf,Niederösterreich,2560,,,,,,,47.9418781,16.1081635
458,10458,"MR Dr. Horst Geigl, MSc",Sonnenweg 1,Teufenbach-Katsch,Steiermark,8842,,,,,,,47.1269668,14.3580664
459,10459,Mag.(Fh) Mag. Kathrin Walch,Hernsteiner Straße 30,Berndorf,Niederösterreich,2560,,,,,,,47.9399014,16.1045421
460,10460,Medcenter Nord,Fischeraustraße 13,Graz,Steiermark,8051,,,,,,,47.0946603,15.4093944
461,10461,Medicent,Innrain 143,Innsbruck,Tirol,6020,,,,,,,47.2559912,11.3771995
462,10462,Medicent Baden,Grundauerweg 15,Baden,Niederösterreich,2500,,,,,,,47.9973832,16.2560719
463,10463,Mr. Dr. Walter Lux - Praktischer Arzt,Hauptstraße 79a,Dürnkrut,Niederösterreich,2263,,02538 80290,,,,,48.4700145,16.8565967
464,10464,Notarztdienst Linz-Land,Traunuferstraße 9a,Ansfelden,Oberösterreich,4052,,,,,Yes,,48.2287797,14.3053796
465,10465,OMR Dr. Heinz Philipp,Escherstraße 12,Berndorf,Niederösterreich,2560,,,,,,,47.9433604,16.0990365
466,10466,OMed.R. Dr. Baschar Abou-Harb,Hauptstraße nan,Leopoldsdorf,Niederösterreich,2333,,,,,,,48.1079263,16.3981953
467,10467,Ord. Dr. Georg Prantl,Hauptstraße 5,Ehrwald,Tirol,6632,,,,,,,47.4000951,10.9180291
468,10468,Ord. Dr. Thomas Fluckinger,Bahnhofstraße 2,Wattens,Tirol,6112,,,,,,,47.2919256,11.5907702
469,10469,Ordination Dr. Fazelnia,Prof.-August-Schreilechner-Weg 20,Mariapfarr,Salzburg,5571,,,,,,,47.1498238,13.7423649
470,10470,Ordination Dr. Fischbacher,Kirchenfeld 43,Kefermarkt,Oberösterreich,4292,,,,,,,48.4436183,14.539975
471,10471,Ordination Dr. Klimmer Christian,Pettneu am Arlberg 58a,Pettneu am Arlberg,Tirol,6574,,,,,,,47.1487462,10.3454432
472,10472,Ordination Dr. Reisinger,Pfarrgasse 33,Imst,Tirol,6460,,,,,,,47.2451537,10.7402631
473,10473,Ordination Dr. Sax,Pfarrstraße 400,Mariapfarr,Salzburg,5571,,,,,,,47.1499844,13.7477912
474,10474,Ordination Dr. Schatzberger,Taxlbergstraße 1,Steinhaus,Oberösterreich,4641,,,,,,,48.1061644,14.0268354
475,10475,Ordination Dr. Wolfgang Bachlechner,nan 8,Assling,Tirol,9911,,+434855 8181 / +43664 4361365,,,,,46.7834124,12.6610893
476,10476,Ordination Prof. Dr. Rudolf Pointner,Stefan-Zweig-Straße 2,Zell am See,Salzburg,5700,,,,,,,47.2999343,12.7978213
477,10477,Orthopädie Gruppenpraxis OG,Hardlgasse nan,Wiener Neustadt,Niederösterreich,2700,,,,,,,47.7996284,16.2344666
478,10478,OÖ Gebietskrankenkasse Wels,Hans-Sachs-Straße 4,Wels,Oberösterreich,4600,,,,,,,48.1619266,14.0310365
479,10479,Pabinger Michaela,Höglwörthweg 10B,Salzburg,Salzburg,5020,,0664 1141889,,,,,47.7747349,13.040205
480,10480,Physio Gaissau,Hauptstraße 58a,Gaißau,Vorarlberg,6974,,,,,,,47.4666031,9.601922
481,10481,Pistenambulanz,,Arriach,Kärnten,9543,,,,,,,46.6958355,13.913583
482,10482,Prakt. Arzt Dr. Prammer,Hagerstraße 14,Sankt Veit im Mühlkreis,Oberösterreich,4173,,,,,,,48.4699435,14.1619841
483,10483,"Prakt. Arzt, Stadtarzt",Kirchengasse 2,Allentsteig,Niederösterreich,3804,,,,,,,48.6964577,15.3275912
484,10484,Praktischer Arzt / Dr. Hans Schimbach,Josef Ferschner-Straße 38,Traiskirchen,Niederösterreich,2514,,,,,,,48.016842,16.2924632
485,10485,Praktischer Arzt Dr. Franz Holzhauser,Bahnhofstraße 22,Wilhelmsburg,Niederösterreich,3150,,,,,,,48.1099702,15.6072149
486,10486,Praxis Dr. Stadler,Landstraße 11,Eugendorf,Salzburg,5301,,,,,,,47.8711802,13.1196341
487,10487,Praxis Dreibholz,Höchster Straße 27,Dornbirn,Vorarlberg,6850,,+43 (0)5572 / 20 50 70,,,,,47.4106068,9.7287688
488,10488,Praxis für Allgemeinmedizin Dr.Connert,Hochwiesenstraße 13,Köstendorf,Salzburg,5203,,,,,,,47.9610712,13.2013213
489,10489,Praxis für Ganzheitsmedizin,Hauptstraße 22,Markt Sankt Martin,Burgenland,7341,,,,,,,47.5626589,16.4291344
490,10490,Praxisgemeinschaft Dr. Ernst & Dr. Lahnsteiner - Ärzte für Allgemeinmedizin,Rosenegg 48a,Fieberbrunn,Tirol,6391,,,,,,,47.4874803,12.528936
491,10491,Praxisgemeinschaft dynamis,Eggmoarweg 965,Gröbming,Steiermark,8962,,,,,,,47.4514627,13.9036869
492,10492,Prim. Dr. Holzmann Karl,Schlossstraße 12,Reichenthal,Oberösterreich,4193,,,,,,,48.5412817,14.3854799
493,10493,Privatarzt Dr. Gosch,Goritschacher Straße 68,Wernberg,Kärnten,9241,,,,,,,46.6050533,13.9552893
494,10494,Prof. Matthäus Grasl,,Wien,Wien,1130,,,,,,,48.1649739,16.2828511
495,10495,Radiologie Roedler,Friedrich Schillerstraße 69,Mödling,Niederösterreich,2340,,+43 2236 48390,,,,,48.0828066,16.2963962
496,10496,Radiologiepraxis Dr. Schamp-Hertling,Augartengasse 14,Oberpullendorf,Burgenland,7350,,,,,,,47.5025524,16.5082741
497,10497,Refugium,Hauptplatz 10,Stadtschlaining,Burgenland,7461,,,,,,,47.3236749,16.2794679
498,10498,Rehabilitationsanstalt,Köflacher Gasse 5,Graz,Steiermark,8020,,,,,,,47.0702748,15.41596
499,10499,Reifeltshammer,,Taiskirchen im Innkreis,Oberösterreich,4753,,,,,,,48.2660115,13.5788904
500,10500,Rotes Kreuz,Hauptstraße 46,Kleinzell,Niederösterreich,3171,,,,,,,47.9816743,15.738645
501,10501,Rotes Kreuz Bezirksstelle Lungau,Josef-Ehrenreich-Straße 1,Tamsweg,Salzburg,5580,,,,,,,47.1309087,13.8104647
502,10502,Rotes Kreuz Dienstelle Böheimkirchen,Obere Hauptstraße 21,Böheimkirchen,Niederösterreich,3071,,,,,,,48.1984496,15.7585322
503,10503,Rotes Kreuz St. Michael,Rot-Kreuz-Gasse 392,Sankt Michael im Lungau,Salzburg,5582,,,,,,,47.0995869,13.6372438
504,10504,Röntgenordination Gänserndorf,Scheunengasse 34,Gänserndorf,Niederösterreich,2230,,,,,,,48.3404962,16.7151836
505,10505,Therapiezentrum für Ganzheitsmedizin,Kalksburg-Kirchenplatz 3,Wien,Wien,1230,,,,,,,48.1382263,16.2443948
506,10506,Udo Zifko,nan 52,Reichenau an der Rax,Niederösterreich,2651,,,,,,,47.6758072,15.7271017
507,10507,Univ. Doz. Dr. Alexander Kober,Markt 35,Sankt Aegyd am Neuwalde,Niederösterreich,3193,,,,,,,47.8513281,15.5604574
508,10508,Urologe Dr. Szlauer,Bahnhofstraße 12,Neumarkt am Wallersee,Salzburg,5202,,,,,,,47.9493322,13.2233932
509,10509,Vitalogikum,Saaßstraße 66,Aschach an der Steyr,Oberösterreich,4421,,,,,,,48.022846,14.363739
510,10510,privat MRT Neusiedl/See,Teichgasse 1b,Neusiedl am See,Burgenland,7100,,+43 2167 / 2609,,,,,47.9512026,16.8362548
511,10511,Ärzteforum Hallein,,Hallein,Salzburg,5400,,,,,,,47.6826864,13.1003241
512,10512,Ärztegemeinschaft Jochum - Bereuter (Kinderärzte),Walserweg 12,Bludenz,Vorarlberg,6700,,,,,,,47.159419,9.819935
513,10513,Ärztehaus,,Schärding,Oberösterreich,4780,,,,,,,48.4550962,13.4311922
514,10514,Ärztehaus,,Annaberg-Lungötz,Salzburg,5524,,,,,,,47.5124707,13.430056
515,10515,Ärztehaus - Zahnarzt Dr. Tuli - Prakt. Arzt Dr. Bellinghausen - Orthopäde Dr. Fink,,Ostermiething,Oberösterreich,5121,,,,,,,48.0421884,12.8375543
516,10516,Ärztehaus Lech,,Lech,Vorarlberg,6764,,,,,,,47.2107497,10.1446139
517,10517,Ärztehaus Leithastraße,,Wien,Wien,1200,,,,,,,48.237936,16.3776351
518,10518,Ärztehaus Oberndorf,Salzburger Strasse 79,Oberndorf bei Salzburg,Salzburg,5110,,,,,,,47.9445634,12.9402129
519,10519,Ärztezentrum,Hauptstraße 82,Laßnitzhöhe,Steiermark,8301,,,,,,,47.0747423,15.5914789
520,10520,Ärztezentrum,Anton-Riepl-Straße 4,Gallneukirchen,Oberösterreich,4210,,,,,,,48.3498215,14.4126067
521,10521,Ärztezentrum,Zur Donau 4,Traismauer,Niederösterreich,3133,,,,,,,48.3512939,15.7448207
522,10522,Ärztezentrum Bruckneudorf,Josef Schöberlgasse 1a,Bruckneudorf,Burgenland,2460,,,,,,,48.0208139,16.7814264
523,10523,Ärztezentrum Gloggnitz,Wiener Straße 5,Gloggnitz,Niederösterreich,2640,,,,,,,47.6750214,15.9409721
524,10524,Ärztezentrum Gumpoldskirchen,Novomaticstraße 14,Gumpoldskirchen,Niederösterreich,2352,,,,,,,48.0354881,16.2877273
525,10525,Ärztezentrum Ost,Anton-Baumgartner-Straße 44,Wien,Wien,1230,,,,,,,48.15274,16.3160668
526,10526,ÖGK Gesundheitszentrum,Klara-Pölt-Weg 8,Innsbruck,Tirol,6020,,+43 50766 182003;+43 50766 182200,,,,,47.2686458,11.401492
