,id,name,address,city,state,zip,county,phone,type,ownership,emergency,quality,LAT,LON
0,10000,CASP -Centro de Apoio Social do Pisão,,Sintra,Lisboa,2710-631,,,,,No,,38.7419088,-9.4237165
1,10001,CLIRIA - CLÍNICA DE OIÃ,,Oliveira do Bairro,Aveiro,3770-059,,,,,,,40.5428801,-8.5379597
2,10002,CUF Torres Vedras,,Torres Vedras,Lisboa,2560-270,,,,,,,39.0803026,-9.2589595
3,10003,CVP - Unidade de Cuidados Continuados,,Vila Viçosa,Évora,7160-266,,,,,No,,38.7698022,-7.4129523
4,10004,Casa de Saúde S. Mateus Hospital,,Viseu,Viseu,3510-105,,,,,Yes,,40.6568619,-7.905244
5,10005,Casa de Saúde da Boavista,,Porto,Porto,4250-266,,,,,,,41.1644544,-8.633827
6,10006,Casa de Saúde da Idanha,,Sintra,Lisboa,2605-072,,,,,No,,38.7740856,-9.2784262
7,10007,Casa de Saúde do Montepio Rainha Dona Leonor,Rua Montepio Rainha Dona Leonor nan,Caldas da Rainha,Leiria,2500-241,,,,,Yes,,39.4065049,-9.134645
8,10008,Casa de saúde S. João de Deus,,Barcelos,Braga,4750-128,,,,,,,41.5410266,-8.6211019
9,10009,"Centro Hospitalar Barreiro-Montijo, EPE",,Barreiro,Setúbal,2830-302,,,,,Yes,,38.6563814,-9.0593613
10,10010,Centro Hospitalar S. Francisco,,Leiria,Leiria,2400-186,,,,,,,39.7487557,-8.8161326
11,10011,Centro Hospitalar Tondela-Viseu (Psiquiatria),,Viseu,Viseu,3515-150,,,,,,,40.6811605,-7.919192
12,10012,"Centro Hospitalar Universitário da Cova da Beira, EPE",,Covilhã,Castelo Branco,6200-151,,,,,Yes,,40.2657612,-7.493502
13,10013,Centro Hospitalar Vila Nova de Gaia/Espinho Santos Silva - Unidade 1,,Vila Nova de Gaia,Porto,4400-095,,,,,,,41.1070602,-8.5958785
14,10014,Centro Hospitalar de Nossa Senhora da Conceição,Rua Principal 26,Batalha,Leiria,2440-090,,+351 244 769 430,,,No,,39.6390773,-8.8174944
15,10015,"Centro Hospitalar de Setúbal, EPE",,Setúbal,Setúbal,2900,,,,,Yes,,38.5285461,-8.8810689
16,10016,"Centro Hospitalar de Setúbal, EPE- Hospital Ortopédio Santiago d'Outão",,Setúbal,Setúbal,2925,,,,,,,38.4879822,-8.9358787
17,10017,Centro Hospitalar de Vila Nova de Gaia/Espinho,Rua 37 nan,Espinho,Aveiro,4500-255,,,,,,,41.0024921,-8.6371172
18,10018,Centro Hospitalar e Universitário do Algarve-Hospital de Faro,,Faro,Faro,8000-269,,,,,Yes,,37.0257025,-7.9302568
19,10019,Centro Materno-Infantil do Norte,Largo da Maternidade de Júlio Dinis nan,Porto,Porto,4150-601,,+351 222 077 500,,,,,41.1506092,-8.6234138
20,10020,Centro Médico,,Sintra,Lisboa,2710-631,,,,,No,,38.7515398,-9.3925944
21,10021,Centro Médico Internacional do Guadiana,,Vila Real de Santo António,Faro,8900-203,,,,,No,,37.1878757,-7.4191227
22,10022,Centro Médico Privado de Estarreja,,Estarreja,Aveiro,3860-362,,,,,,,40.7546691,-8.5690623
23,10023,Centro Médico de Gondomar,Praça Manuel Guedes 245,Gondomar,Porto,4420-356,,,,,,,41.1444153,-8.5367072
24,10024,Centro Médico dos Moutidos,,Maia,Porto,4425-139,,,,,,,41.2115299,-8.5724526
25,10025,Centro Saúde Ribeirão,,Vila Nova de Famalicão,Braga,4760-715,,,,,,,41.3580956,-8.5603793
26,10026,Centro Saúde da Maia,,Maia,Porto,4470-151,,,,,,,41.2333858,-8.6261504
27,10027,Centro Saúde de Santa Marta de Portuzelo,,Viana do Castelo,Viana Do Castelo,4925-104,,,,,,,41.7088676,-8.772509
28,10028,Centro Saúde de Viseu III,,Viseu,Viseu,3510-105,,,,,,,40.6446396,-7.9137767
29,10029,Centro de Atendimento Permanente Cinfães (Hospital),,Cinfães,Viseu,4690-040,,,,,Yes,,41.074446,-8.0910552
30,10030,Centro de Medicina de Reabilitação de Alcoitão,,Cascais,Lisboa,2645-066,,,,,No,,38.7342798,-9.4030812
31,10031,Centro de Reabilitação do Norte,Avenida Infante de Sagres 349,Vila Nova de Gaia,Porto,4405,,,,,No,,41.0902993,-8.6562546
32,10032,Centro de Saude,,Lousada,Porto,4620-009,,,,,,,41.2804533,-8.2780487
33,10033,Centro de Saude,,Ponte de Lima,Viana Do Castelo,4990-445,,,,,,,41.6567843,-8.585216
34,10034,Centro de Saude Camacha,,,Ilha Da Madeira,,,,,,,,32.6794793,-16.844064
35,10035,Centro de Saude de Arronches,,Arronches,Portalegre,7340-004,,,,,,,39.1233553,-7.2809712
36,10036,Centro de Saude do Cartaxo,,Cartaxo,Santarém,2070-116,,,,,No,,39.1655198,-8.7844574
37,10037,Centro de Saúde,,São João da Pesqueira,Viseu,5130-321,,,,,,,41.1454737,-7.4013958
38,10038,Centro de Saúde,,Vila Real,Vila Real,5000-471,,,,,,,41.3021596,-7.7404685
39,10039,Centro de Saúde,,Mourão,Évora,7240-237,,,,,No,,38.385435,-7.3409756
40,10040,Centro de Saúde,,Nelas,Viseu,3525-064,,,,,No,,40.503842,-7.8983827
41,10041,Centro de Saúde,,Castelo de Paiva,Aveiro,4550-110,,,,,No,,41.0401845,-8.2673709
42,10042,Centro de Saúde,,Celorico da Beira,Guarda,6360-350,,,,,,,40.629851,-7.3975222
43,10043,Centro de Saúde,,Amarante,Porto,4600-088,,,,,,,41.2716385,-8.0789946
44,10044,Centro de Saúde,,Seixal,Setúbal,2840-400,,,,,,,38.6184104,-9.0976313
45,10045,Centro de Saúde,,Olhão,Faro,8700-221,,,,,No,,37.0360147,-7.8404725
46,10046,Centro de Saúde,,Miranda do Douro,Bragança,5210-188,,,,,No,,41.4956414,-6.2772463
47,10047,Centro de Saúde,,Viana do Castelo,Viana Do Castelo,4905-311,,,,,No,,41.6484789,-8.7014073
48,10048,Centro de Saúde,,Paços de Ferreira,Porto,4590-579,,,,,,,41.2770598,-8.3773116
49,10049,Centro de Saúde,Rua do Doutor José de Sousa nan,Peso da Régua,Vila Real,5050-226,,,,,,,41.1665075,-7.7886325
50,10050,Centro de Saúde,,Torres Vedras,Lisboa,2560-127,,,,,No,,39.0899996,-9.3193359
51,10051,Centro de Saúde,,Santarém,Santarém,2005-256,,,,,No,,39.2380844,-8.7009409
52,10052,Centro de Saúde,,Vila Pouca de Aguiar,Vila Real,5450-011,,,,,,,41.4989481,-7.6445133
53,10053,Centro de Saúde,,São João da Madeira,Aveiro,3700-008,,,,,No,,40.8951804,-8.496412
54,10054,Centro de Saúde,,,Ilha Terceira,,,,,,,,38.7289513,-27.065701
55,10055,Centro de Saúde,,Arruda dos Vinhos,Lisboa,2630-288,,,,,,,38.9817047,-9.0818805
56,10056,Centro de Saúde,,Lousã,Coimbra,3200-206,,,,,,,40.1242919,-8.2349624
57,10057,Centro de Saúde,Avenida 1º de Maio nan,Almada,Setúbal,2825-279,,21 291 85 10,,,,,38.6449465,-9.2370388
58,10058,Centro de Saúde,,Vila Flor,Bragança,5360-360,,,,,,,41.3095109,-7.1575504
59,10059,Centro de Saúde,Rua Carlos Mendes Gonçalves nan,Golegã,Santarém,2150-198,,249 979 180,,,,,39.4028206,-8.4793029
60,10060,Centro de Saúde,,Castro Daire,Viseu,3600,,,,,,,40.8991222,-7.9275857
61,10061,Centro de Saúde,Rua 1 de Maio 2,Manteigas,Guarda,6260-101,,,,,No,,40.4935425,-7.6030399
62,10062,Centro de Saúde,Rua 1 de Maio 2,Manteigas,Guarda,6260-101,,,,,,,40.4175099,-7.7095415
63,10063,Centro de Saúde,,Lagos,Faro,8600-645,,,,,,,37.1017261,-8.6887854
64,10064,Centro de Saúde,,Marvão,Portalegre,7330,,,,,,,39.414209,-7.4563728
65,10065,Centro de Saúde,,Vieira do Minho,Braga,4850-538,,,,,No,,41.6353499,-8.1396253
66,10066,Centro de Saúde - Alferrarede,,Abrantes,Santarém,2200-299,,,,,,,39.4742868,-8.1913379
67,10067,Centro de Saúde - Extensão de Jugueiros,,Felgueiras,Porto,4610-362,,,,,No,,41.3962709,-8.2012969
68,10068,Centro de Saúde - Extensão de Lavos,,Figueira da Foz,Coimbra,3090-461,,233946381,,,,,40.0914966,-8.8298147
69,10069,Centro de Saúde Darque,,Viana do Castelo,Viana Do Castelo,4935-114,,,,,No,,41.6784894,-8.7997295
70,10070,Centro de Saúde Doutor Corte Real,Avenida da Liberdade 121,Aguiar da Beira,Guarda,3570-017,,,,,,,40.8094917,-7.5472763
71,10071,Centro de Saúde Quarteira,,Loulé,Faro,8125-181,,,,,,,37.0711229,-8.0928145
72,10072,Centro de Saúde São Pedro da Cova,R. da Associação Desportiva de São Pedro da Cova nan,Gondomar,Porto,4510-260,,,,,,,41.1602572,-8.5080127
73,10073,Centro de Saúde da Amorosa,,Guimarães,Braga,4800-158,,,,,,,41.4472663,-8.3027821
74,10074,Centro de Saúde da Boa Nova,,Vila Nova de Gaia,Porto,4405-742,,,,,No,,41.0948849,-8.6204879
75,10075,Centro de Saúde da Figueira da Foz,,Figueira da Foz,Coimbra,3080-016,,,,,,,40.1558441,-8.8541564
76,10076,Centro de Saúde da Gafanha da Nazaré,,Ílhavo,Aveiro,3830-554,,,,,,,40.6355804,-8.7120291
77,10077,Centro de Saúde da Lagoa,,,Ilha De São Miguel,,,,,,,,37.7478313,-25.5773545
78,10078,Centro de Saúde da Madalena,,,Ilha Do Pico,,,,,,,,38.5308728,-28.5238778
79,10079,Centro de Saúde da Mealhada,,Mealhada,Aveiro,3050-375,,,,,No,,40.3801291,-8.4562682
80,10080,Centro de Saúde da Moita,,Moita,Setúbal,2860-487,,,,,,,38.6482642,-8.9927929
81,10081,Centro de Saúde da Quinta do Conde,,Sesimbra,Setúbal,2975,,,,,,,38.557713,-9.0472821
82,10082,Centro de Saúde de Aguim,,Anadia,Aveiro,3780-632,,,,,,,40.4132109,-8.448118
83,10083,Centro de Saúde de Albergaria-a-Velha,,Albergaria-a-Velha,Aveiro,3850-065,,,,,,,40.6861759,-8.4818358
84,10084,Centro de Saúde de Alenquer,Rua Francisco José Lopes s/n,Alenquer,Lisboa,2580-335,,+351263731340,,,No,,39.0506209,-8.9987112
85,10085,Centro de Saúde de Alfarelos,Praça de Luís de Camões nan,Soure,Coimbra,3130-001,,,,,,,40.149944,-8.6510938
86,10086,Centro de Saúde de Alte,,Loulé,Faro,8100-012,,,,,,,37.2359995,-8.1774154
87,10087,Centro de Saúde de Amares,,Amares,Braga,4720-349,,,,,No,,41.6303396,-8.358863
88,10088,Centro de Saúde de Anadia,,Anadia,Aveiro,3780-213,,,,,No,,40.4351608,-8.4407012
89,10089,Centro de Saúde de Angra do Heroísmo,Canada dos Melancólicos 2,,Ilha Terceira,,,+351 295 402900,,,No,,38.661527,-27.2125129
90,10090,Centro de Saúde de Aradas,,Aveiro,Aveiro,3810-417,,,,,,,40.6057862,-8.6362436
91,10091,Centro de Saúde de Arcena e Bom Sucesso,,Vila Franca de Xira,Lisboa,2615,,,,,,,38.9063482,-9.0461591
92,10092,Centro de Saúde de Arouca,,Arouca,Aveiro,4540-102,,,,,,,40.930386,-8.2548963
93,10093,Centro de Saúde de Azambuja,,Azambuja,Lisboa,2050-002,,,,,,,39.0685519,-8.8729904
94,10094,Centro de Saúde de Baião,,Baião,Porto,4640-147,,,,,,,41.1600095,-8.0380182
95,10095,Centro de Saúde de Barcelinhos,,Barcelos,Braga,4755,,,,,No,,41.5214628,-8.6178809
96,10096,Centro de Saúde de Bodiosa,,Viseu,Viseu,3515-553,,,,,No,,40.7171426,-7.992641
97,10097,Centro de Saúde de Boliqueime,,Loulé,Faro,8100-070,,,,,,,37.1320052,-8.1545845
98,10098,Centro de Saúde de Cantanhede,,Cantanhede,Coimbra,3060-201,,,,,,,40.3414743,-8.5876475
99,10099,Centro de Saúde de Castro Verde,,Castro Verde,Beja,7780-163,,,,,,,37.7026173,-8.0841288
100,10100,Centro de Saúde de Celorico de Basto,,Celorico de Basto,Braga,4890-220,,,,,No,,41.3845813,-8.0007891
101,10101,Centro de Saúde de Cristelo,,Paredes,Porto,4580-352,,,,,,,41.2275798,-8.3627933
102,10102,Centro de Saúde de Eixo,,Aveiro,Aveiro,3800-810,,,,,,,40.6282835,-8.5690923
103,10103,Centro de Saúde de Ermesinde,Rua da Bela 735,Valongo,Porto,4445-673,,+351 229 698 520,,,,,41.2265562,-8.545743
104,10104,Centro de Saúde de Estarreja,,Estarreja,Aveiro,3860-362,,,,,,,40.760451,-8.5743475
105,10105,Centro de Saúde de Febres,,Cantanhede,Coimbra,3060-318,,,,,,,40.4012183,-8.6298927
106,10106,Centro de Saúde de Fornos de Algodres,,Fornos de Algodres,Guarda,6370-148,,,,,,,40.6207884,-7.5360859
107,10107,Centro de Saúde de Lamego,,Lamego,Viseu,5100-065,,,,,,,41.100281,-7.8115156
108,10108,Centro de Saúde de Leça da Palmeira,,Matosinhos,Porto,4450-663,,,,,,,41.1990996,-8.6976763
109,10109,Centro de Saúde de Loulé,,Loulé,Faro,8100-663,,,,,,,37.146239,-8.0130823
110,10110,Centro de Saúde de Maceira,,Leiria,Leiria,2405-028,,,,,,,39.6842149,-8.888439
111,10111,Centro de Saúde de Murtosa,,Murtosa,Aveiro,3870-211,,,,,,,40.7474419,-8.6486649
112,10112,Centro de Saúde de Nordeste,Estrada Regional 7F,,Ilha De São Miguel,,,+351 296 480090,,,,,37.8345778,-25.1463295
113,10113,Centro de Saúde de Oeiras,,Oeiras,Lisboa,2780-213,,,,,No,,38.6935407,-9.3179834
114,10114,Centro de Saúde de Oliveira do Bairro,,Oliveira do Bairro,Aveiro,3770-211,,,,,,,40.517015,-8.4934998
115,10115,Centro de Saúde de Oliveirinha,,Aveiro,Aveiro,3810-861,,,,,,,40.6010842,-8.6049641
116,10116,Centro de Saúde de Ouca,,Vagos,Aveiro,3840-301,,,,,,,40.5230315,-8.6343379
117,10117,Centro de Saúde de Palmela,,Palmela,Setúbal,2950-216,,,,,,,38.5707076,-8.8971716
118,10118,Centro de Saúde de Paço de Sousa,,Penafiel,Porto,4560-375,,,,,,,41.1666828,-8.3536051
119,10119,Centro de Saúde de Penacova,,Penacova,Coimbra,3360-184,,,,,,,40.2671828,-8.2837721
120,10120,Centro de Saúde de Ponta Delgada,,,Ilha De São Miguel,,,,,,,,37.7534457,-25.676164
121,10121,Centro de Saúde de Portimão,,Portimão,Faro,8500-734,,,,,,,37.1385093,-8.5444341
122,10122,Centro de Saúde de Reguengos de Monsaraz,Rua Doutor Jacinto Fernandes Palma nan,Reguengos de Monsaraz,Évora,7200-363,,,,,,,38.4290857,-7.5399391
123,10123,Centro de Saúde de Resende,,Resende,Viseu,4660-220,,,,,,,41.1053801,-7.9680962
124,10124,Centro de Saúde de Ribeira de Pena,,Ribeira de Pena,Vila Real,4870,,,,,,,41.5185643,-7.7952635
125,10125,Centro de Saúde de Santa Cruz,,,Ilha Da Madeira,,,,,,,,32.6893179,-16.7941839
126,10126,Centro de Saúde de Santa Joana,,Aveiro,Aveiro,3810-239,,,,,No,,40.632228,-8.6187422
127,10127,Centro de Saúde de Sernancelhe,,Sernancelhe,Viseu,3640-211,,,,,,,40.898098,-7.4902535
128,10128,Centro de Saúde de Sever do Vouga,,Sever do Vouga,Aveiro,3740-255,,,,,,,40.7268763,-8.3641931
129,10129,Centro de Saúde de Sobreira,Rua Ernesto Silva 67,Paredes,Porto,4585,,,,,,,41.1537917,-8.3971193
130,10130,Centro de Saúde de Sosa,,Vagos,Aveiro,3840-351,,,,,,,40.5429183,-8.6465863
131,10131,Centro de Saúde de Soure,,Soure,Coimbra,3130-250,,,,,,,40.0627092,-8.6208654
132,10132,Centro de Saúde de São Roque do Pico,Avenida António Simas da Costa nan,,Ilha Do Pico,,,+351 292 648070,,,,,38.52972,-28.3334036
133,10133,Centro de Saúde de Tarouca,,Tarouca,Viseu,3610-130,,,,,,,41.0222062,-7.7763963
134,10134,Centro de Saúde de Tavira,Estrada de Santa Luzia nan,Olhão,Faro,8700,,,,,No,,37.1155956,-7.6510442
135,10135,Centro de Saúde de Tondela,Av. 25 de Abril 102,Tondela,Viseu,3460-575,,,,,,,40.5174347,-8.0842348
136,10136,Centro de Saúde de Urgezes,,Guimarães,Braga,4810-491,,,,,,,41.4269987,-8.2940403
137,10137,Centro de Saúde de Urqueira,Rua do Rossio 1,Ourém,Santarém,2435-715,,,,,No,,39.7308666,-8.5958998
138,10138,Centro de Saúde de Vagos,,Vagos,Aveiro,3840-409,,,,,No,,40.5467844,-8.6857249
139,10139,Centro de Saúde de Valongo,,Valongo,Porto,4440-520,,,,,No,,41.1867701,-8.497584
140,10140,Centro de Saúde de Valpaços,,Valpaços,Vila Real,5430-442,,,,,,,41.6089345,-7.3136341
141,10141,Centro de Saúde de Vila Nova de Paiva,,Vila Nova de Paiva,Viseu,3650-209,,,,,No,,40.8498254,-7.7276651
142,10142,Centro de Saúde de Vila do Conde,,Vila do Conde,Porto,4480-671,,,,,,,41.3555271,-8.7453052
143,10143,Centro de Saúde de Vizela,,Vizela,Braga,4815-552,,,,,No,,41.3792618,-8.3144794
144,10144,Centro de Saúde de Vouzela,Rua Doutor Ribeiro Cardoso nan,Vouzela,Viseu,3670-249,,,,,No,,40.7221737,-8.1141859
145,10145,Centro de Saúde de Águeda,,Águeda,Aveiro,3750-166,,,,,,,40.5823497,-8.4469657
146,10146,Centro de Saúde do Afonsoeiro,Rua Doutor Francisco Manuel de Melo 71,Montijo,Setúbal,2870-235,,+351 212 309 870,,,No,,38.7032175,-8.955023
147,10147,Centro de Saúde do Montijo,Avenida Luís de Camões 21,Montijo,Setúbal,2870-235,,,,,No,,38.7084913,-8.9793709
148,10148,Centro de Saúde- Extensão de Gulpilhares,,Vila Nova de Gaia,Porto,4405-702,,,,,,,41.0769362,-8.6285801
149,10149,Centro de Sáude de São tomé de Negrelos,,Santo Tirso,Porto,4780-365,,,,,No,,41.3553327,-8.4090919
150,10150,Centro de saúde de Ourém,,Ourém,Santarém,2490,,,,,No,,39.6591157,-8.5757357
151,10151,Centro de saúde de Vale de Cambra,,Vale de Cambra,Aveiro,3730-240,,,,,,,40.8474462,-8.3932409
152,10152,Centro saúde de Borba,,Borba,Évora,7150-162,,,,,,,38.8045259,-7.4636781
153,10153,Clifala,Rua de São João de Deus 251,Gondomar,Porto,4420-356,,,,,,,41.1393767,-8.5292853
154,10154,Clinica CUF Belém,,Lisboa,Lisboa,1050-115,,,,,No,,38.6998067,-9.1824696
155,10155,Clinica Eco-Radiologica do Cartaxo,Rua do Progresso 3A,Cartaxo,Santarém,2070-116,,,,,No,,39.1654366,-8.7820057
156,10156,Clinica Santo Antonio,,Paços de Ferreira,Porto,4590-579,,,,,,,41.309613,-8.3682347
157,10157,Clinica de Modivas,,Vila do Conde,Porto,4485-585,,,,,No,,41.2947879,-8.6907743
158,10158,Clipóvoa,Avenida Manuel José Lebrão nan,Vila Nova de Cerveira,Viana Do Castelo,4920,,+351 251 706 101,,,No,,41.9412801,-8.7387999
159,10159,"Clitrofa – Centro Médico, Dentário e Cirúrgico",Avenida de Paradela 626,Trofa,Porto,4785-273,,,,,,,41.3331964,-8.549805
160,10160,Clínica Europa,,Cascais,Lisboa,2775-595,,,,,No,,38.6823964,-9.3414447
161,10161,Clínica Médico-Dentária Calouste Gulbenkian,,Cascais,Lisboa,2765-588,,,,,,,38.704583,-9.3946998
162,10162,Clínica Raríssimas da Moita,,Moita,Setúbal,2860-487,,,,,,,38.6491566,-8.9840159
163,10163,Clínica São João de Ávila,,Lisboa,Lisboa,1050-115,,,,,,,38.7515248,-9.1689598
164,10164,Clínica VizelMédica,,Vizela,Braga,4815-552,,,,,No,,41.3821914,-8.3157245
165,10165,Clínica de Diálise,,Óbidos,Leiria,2510-702,,,,,No,,39.362507,-9.1212486
166,10166,Clínica de Medicina Dentária Doutora Sílvia Silva,,Celorico de Basto,Braga,4890-322,,,,,,,41.3709391,-8.092774
167,10167,Clínica do Tempo - Doutor Humberto Barbosa,Avenida Marginal 3710,Cascais,Lisboa,2775-239,,+351 21 458 85 00,,,No,,38.6903325,-9.3630445
168,10168,Cruz Vermelha,,Olhão,Faro,8700-221,,,,,,,37.0353079,-7.8384091
169,10169,Cruz Vermelha,Rua da Cruz Vermelha 128,Terras de Bouro,Braga,4840-100,,253 351 444,,,Yes,,41.7182673,-8.3112948
170,10170,Cruz Vermelha Portuguesa,,Amarante,Porto,4600-088,,,,,,,41.2740792,-8.076743
171,10171,Cruz Vermelha Portuguesa,Avenida 31 de Janeiro 317,Braga,Braga,4700-442,,+351 253 208870,,,Yes,,41.5484885,-8.4152241
172,10172,Cruz Vermelha Portuguesa,,Castro Verde,Beja,7780-163,,,,,,,37.6932297,-8.0835566
173,10173,Cruz Vermelha Portuguesa - Delegação Marinhas,Avenida São Sebastião 80,Esposende,Braga,4740-522,,+351 253 964 720,,,Yes,,41.5569857,-8.7830557
174,10174,Cruz Vermelha Portuguesa - Delegação de Neiva,,Viana do Castelo,Viana Do Castelo,4935-535,,,,,,,41.6285962,-8.7736628
175,10175,Cruz Vermelha Portuguesa - Delegação do Gerês,,Terras de Bouro,Braga,4845-065,,,,,Yes,,41.7215613,-8.1662765
176,10176,Cuidados Continuados,,Vizela,Braga,4815-552,,,,,,,41.3761686,-8.315006
177,10177,Cuidados continuados,,Vale de Cambra,Aveiro,3730-240,,,,,,,40.8480171,-8.3921183
178,10178,D. Manuel de Aguiar,,Leiria,Leiria,2400-186,,,,,,,39.7441342,-8.8052335
179,10179,Departamento Psiquiátrico (Saúde Mental),,Covilhã,Castelo Branco,6200-151,,,,,,,40.2668395,-7.493944
180,10180,Entrada Principal Ágora,,Braga,Braga,4710,,,,,Yes,,41.5675427,-8.3995399
181,10181,Espírito Santo,,Évora,Évora,7000-749,,,,,Yes,,38.5706931,-7.9022262
182,10182,Extensao de Saúde de Oiã,,Oliveira do Bairro,Aveiro,3770-054,,,,,,,40.5415056,-8.5494555
183,10183,Extensão UCSP Cabreiros/Sequeira - Pólo Cabreiros (CS Braga II - Maximinos),,Braga,Braga,4705,,,,,,,41.5317809,-8.4910028
184,10184,Extensão de Saude,,Albergaria-a-Velha,Aveiro,3850-361,,,,,,,40.6240506,-8.5009839
185,10185,Extensão de Saúde Benquerença (C. S. Penamacor),,Penamacor,Castelo Branco,6090,,,,,,,40.2248165,-7.2331485
186,10186,Extensão de Saúde Lanheses,,Viana do Castelo,Viana Do Castelo,4925-410,,,,,,,41.7381463,-8.6803714
187,10187,Extensão de Saúde Santa Catarina da Serra (CS Leiria - Doutor Gorjão Henriques),Rua do Jardim nan,Leiria,Leiria,2495-186,,+351 244741151,,,No,,39.6748294,-8.6857316
188,10188,Extensão de Saúde da Branca,,Albergaria-a-Velha,Aveiro,3850-577,,,,,,,40.7469726,-8.4862348
189,10189,Extensão de Saúde da Pampilhosa,,Mealhada,Aveiro,3050-439,,,,,,,40.3390914,-8.4306851
190,10190,Extensão de Saúde da Praia de Mira,,Mira,Coimbra,3070-794,,,,,,,40.4561652,-8.7986422
191,10191,Extensão de Saúde de Alvarenga,,Arouca,Aveiro,4540-044,,,,,,,40.9663068,-8.1554957
192,10192,Extensão de Saúde de Barra de Mira,,Mira,Coimbra,3070-702,,,,,,,40.4881112,-8.784156
193,10193,Extensão de Saúde de Bunheiro,,Murtosa,Aveiro,3870-034,,,,,,,40.7736733,-8.6439697
194,10194,Extensão de Saúde de Canelas,,Estarreja,Aveiro,3865-011,,,,,,,40.7175887,-8.5530082
195,10195,Extensão de Saúde de Caramulo,Largo do Caramulo nan,Tondela,Viseu,3475-031,,,,,,,40.5727468,-8.1730804
196,10196,Extensão de Saúde de Carapelhos,,Mira,Coimbra,3070-617,,,,,,,40.4357392,-8.6898732
197,10197,Extensão de Saúde de Castelo do Neiva,,Viana do Castelo,Viana Do Castelo,4935-574,,,,,,,41.621743,-8.7979938
198,10198,Extensão de Saúde de Chafé,,Viana do Castelo,Viana Do Castelo,4935-586,,,,,,,41.650099,-8.7803141
199,10199,Extensão de Saúde de Corticeiro de Cima,,Cantanhede,Coimbra,3060-752,,,,,,,40.4279253,-8.6790516
200,10200,Extensão de Saúde de Fermelã,,Estarreja,Aveiro,3865-127,,,,,,,40.701138,-8.5536972
201,10201,Extensão de Saúde de Luso,,,Aveiro,,,,,,,,40.3863131,-8.3788274
202,10202,Extensão de Saúde de Odeceixe,,,Aveiro,,,,,,No,,37.4245618,-8.7709942
203,10203,Extensão de Saúde de Palmaz,,Oliveira de Azeméis,Aveiro,3720-423,,,,,,,40.7981167,-8.4602993
204,10204,Extensão de Saúde de Pico de Regalados,,Vila Verde,Braga,4730-577,,,,,,,41.687229,-8.4242926
205,10205,Extensão de Saúde de Ponte de Vagos,,Vagos,Aveiro,3840-326,,,,,,,40.4767137,-8.6705354
206,10206,Extensão de Saúde de Ribeira de Fráguas,,Albergaria-a-Velha,Aveiro,3850-711,,,,,,,40.7414365,-8.4457772
207,10207,Extensão de Saúde de Rossas,,Vieira do Minho,Braga,4850-299,,,,,,,41.5672699,-8.1056247
208,10208,Extensão de Saúde de Salreu,,Estarreja,Aveiro,3865-284,,,,,,,40.7387758,-8.5577989
209,10209,Extensão de Saúde de Troviscal,,Oliveira do Bairro,Aveiro,3770-410,,,,,,,40.5025316,-8.5644644
210,10210,Extensão de Saúde de Valmaior,,Albergaria-a-Velha,Aveiro,3850-835,,,,,,,40.6993513,-8.4612922
211,10211,Extensão de Saúde de Veiros,,Estarreja,Aveiro,3860-601,,,,,,,40.7509997,-8.6123236
212,10212,Extensão de Saúde de Vilarinho do Bairro,,Anadia,Aveiro,3780-599,,,,,,,40.4219812,-8.5213172
213,10213,Extensão de Sáude de Armação de Pêra,,Silves,Faro,8365-138,,,,,,,37.1058077,-8.3577446
214,10214,Fundação Dona Anna de Sommer Champalimaud e Doutor Carlos Montez Champalimaud,,Lisboa,Lisboa,1050-115,,,,,,,38.6941246,-9.2221133
215,10215,HPP Hospital de Albufeira,,Albufeira,Faro,8200-112,,,,,,,37.1030725,-8.2327871
216,10216,HPP Hospital de Cascais Doutor José de Almeida,Avenida Brigadeiro Victor Novais Gonçalves nan,Cascais,Lisboa,2750-411,,,,,Yes,,38.7282727,-9.4175607
217,10217,Hospitais Senhor do Bonfim,,Vila do Conde,Porto,4480-565,,,,,Yes,,41.3875224,-8.7144325
218,10218,Hospitais da Universidade de Coimbra - Bloco Central,Praceta Professor Mota Pinto nan,Coimbra,Coimbra,3000-250,,+351 239 400 400,,,,,40.2195676,-8.411283
219,10219,Hospitais da Universidade de Coimbra - Blocos de Celas,,Coimbra,Coimbra,3000-075,,,,,,,40.2191991,-8.4097328
220,10220,Hospital Amato Lusitano,,Castelo Branco,Castelo Branco,6000,,,,,Yes,,39.8234183,-7.4986418
221,10221,Hospital António Lopes,,Póvoa de Lanhoso,Braga,4830-518,,,,,No,,41.5736346,-8.2659417
222,10222,Hospital Beatriz Ângelo,Avenida Carlos Teixeira 3,Loures,Lisboa,2670-380,,,,,Yes,,38.8206633,-9.1743424
223,10223,Hospital Bernardino Lopes de Oliveira,,Alcobaça,Leiria,2460-018,,,,,Yes,,39.5502927,-8.9728878
224,10224,Hospital CUF Infante Santo,Travessa do Castro 3,Lisboa,Lisboa,1050-115,,+351213926100,,,,,38.7049314,-9.1685359
225,10225,Hospital CUF Viseu,Rua Belo Horizonte 12 e 14,Viseu,Viseu,3500-606,,,,,Yes,,40.6441531,-7.911925
226,10226,Hospital Cirúgico de Setúbal,,Setúbal,Setúbal,2900,,,,,No,,38.5380333,-8.8703919
227,10227,Hospital Cuf Descobertas,,Lisboa,Lisboa,1050-115,,,,,Yes,,38.7587821,-9.0998048
228,10228,Hospital Curry Cabral,Rua da Beneficência 6-8,Lisboa,Lisboa,1050-115,,,,,,,38.7391536,-9.1531513
229,10229,Hospital Distrital da Figueira da Foz,,Figueira da Foz,Coimbra,3080-016,,,,,Yes,,40.1311067,-8.8623405
230,10230,Hospital Distrital de Abrantes,,Abrantes,Santarém,2200-299,,,,,Yes,,39.4558286,-8.199556
231,10231,Hospital Distrital de Bragança,Avenida Abade de Baçal nan,Bragança,Bragança,5300-379,,+351 273 310 800,,,Yes,,41.8041437,-6.7687339
232,10232,Hospital Distrital de Pombal,,Pombal,Leiria,3100-428,,,,,Yes,,39.916806,-8.625616
233,10233,Hospital Distrital de São João da Madeira,,São João da Madeira,Aveiro,3700-008,,,,,Yes,,40.8939709,-8.4946345
234,10234,Hospital Distrital do Montijo,Rua Machado Santos 54,Montijo,Setúbal,2870-235,,,,,Yes,,38.7079281,-8.9705603
235,10235,Hospital Dom Luís I,,Peso da Régua,Vila Real,5050-226,,,,,Yes,,41.1657241,-7.792951
236,10236,Hospital Dona Estefânia,Rua Jacinta Marto nan,Lisboa,Lisboa,1050-115,,,,,,,38.7276257,-9.1393819
237,10237,Hospital Doutor Aprigio Meireles,,Idanha-a-Nova,Castelo Branco,6060-179,,,,,,,39.9247577,-7.2407601
238,10238,Hospital Doutor Francisco Zagalo,Avenida Doutor Nunes da Silva nan,Ovar,Aveiro,3880-213,,+351 256579200,,,No,,40.8579273,-8.6321659
239,10239,Hospital Doutor José Maria Grande,,Portalegre,Portalegre,7300-065,,,,,,,39.2996744,-7.4293006
240,10240,Hospital Fernando Fonseca - Amadora/Sintra,,Amadora,Lisboa,2700-337,,,,,Yes,,38.7428458,-9.2494992
241,10241,"Hospital Garcia de Orta, EPE",,Almada,Setúbal,2805,,,,,Yes,,38.6721507,-9.1753997
242,10242,Hospital Geral de Santo António,Largo do Prof. Abel Salazar nan,Porto,Porto,4050-501,,,,,Yes,,41.1464262,-8.6178884
243,10243,Hospital Infante Dom Pedro,,Aveiro,Aveiro,3810-169,,,,,Yes,,40.6357527,-8.6547205
244,10244,Hospital Joaquim Urbano,,Porto,Porto,4300-066,,,,,,,41.1546824,-8.5937306
245,10245,Hospital José Joaquim Fernandes,Rua Doutor António Fernando Covas Lima nan,Beja,Beja,7800,,,,,Yes,,38.0142979,-7.8713918
246,10246,Hospital José Luciano de Castro,,Anadia,Aveiro,3780-213,,,,,No,,40.4427544,-8.4417217
247,10247,Hospital Lusíadas Porto,,Porto,Porto,4150-090,,,,,,,41.1573133,-8.6262594
248,10248,Hospital Maria Pia,,Porto,Porto,4050-175,,,,,,,41.1568191,-8.6228366
249,10249,Hospital Militar Regional nº 1 (Dom Pedro V),Avenida da Boavista nan,Porto,Porto,4150-090,,+351 226 087 900,,,,,41.1576791,-8.6269358
250,10250,Hospital Narciso Ferreira,,Vila Nova de Famalicão,Braga,4765-220,,+351 252900800,,,,,41.3908807,-8.3905284
251,10251,Hospital Nossa Senhora da Arrábida,,Setúbal,Setúbal,2925-256,,,,,No,,38.5454893,-9.0288509
252,10252,Hospital Nossa Senhora da Assunção,Rua 1 de Maio 2,Manteigas,Guarda,6260-101,,,,,,,40.4212111,-7.6962803
253,10253,"Hospital Nossa Senhora da Graça - Tomar (Centro Hospitalar Médio Tejo, EPE)",,Tomar,Santarém,2300-561,,,,,Yes,,39.6111434,-8.3945257
254,10254,Hospital Ordem São Francisco,,Porto,Porto,4050-297,,,,,No,,41.1417631,-8.6166362
255,10255,Hospital Ordem do Carmo,,Porto,Porto,4050-161,,,,,No,,41.1476451,-8.6164128
256,10256,Hospital Ordem dos Clérigos,,Porto,Porto,4050-161,,,,,No,,41.1473906,-8.6147605
257,10257,Hospital Ortopédico Doutor José de Almeida,,Cascais,Lisboa,2750-411,,,,,,,38.6814458,-9.3444059
258,10258,Hospital Padre Américo,Lugar do Tapadinho Guilhufe nan,Penafiel,Porto,4560-481,,+351 255 714000,,,Yes,,41.1953206,-8.3109755
259,10259,Hospital Particular de Almada,Rua Manuel Febrero 85,Almada,Setúbal,2805-014,,,,,Yes,,38.6737158,-9.1541646
260,10260,Hospital Particular de Viana do Castelo,,Viana do Castelo,Viana Do Castelo,4900-533,,,,,,,41.7057489,-8.8180442
261,10261,Hospital Particular do Algarve - Alvor,,Portimão,Faro,8500,,,,,,,37.1301722,-8.5822085
262,10262,Hospital Particular do Algarve - Gambelas,,Faro,Faro,8005-226,,,,,Yes,,37.045202,-7.968818
263,10263,Hospital Pediátrico de Coimbra,Avenida Afonso Romão nan,Coimbra,Coimbra,3000-250,,+351 239 800 100;+351 239 488 700,,,Yes,,40.2248542,-8.4118366
264,10264,"Hospital Pedro Hispano - Unidade Local de Saúde de Matosinhos, E.P.E.",Rua Doutor Eduardo Torres nan,Matosinhos,Porto,4450-271,,,,,,,41.1838556,-8.6631308
265,10265,Hospital Privado Braga,Rua da Igreja nan,Braga,Braga,4700-442,,(+351) 253 680 200,,,Yes,,41.5248064,-8.4141191
266,10266,Hospital Privado Mesiricordia,,Castelo de Paiva,Aveiro,4550-110,,,,,No,,41.0396743,-8.2677939
267,10267,Hospital Privado da Boa Nova,Rua da Aldeia Nova 202,Matosinhos,Porto,4455-417,,,,,Yes,,41.2222837,-8.7097362
268,10268,Hospital Privado da Trofa,Rua António Sá Couto Araújo nan,Trofa,Porto,4785-141,,,,,,,41.3437282,-8.5498695
269,10269,Hospital Privado de Alfena,Rua das Passarias 201,Valongo,Porto,4440-520,,+351 229 688 700,,,Yes,,41.2282167,-8.5402289
270,10270,Hospital Privado de Braga (Centro),,Braga,Braga,4700-442,,,,,,,41.5501426,-8.4191246
271,10271,Hospital Privado de Guimarães,Alameda dos Desportos nan,Guimarães,Braga,4835-257,,,,,Yes,,41.4296471,-8.3220063
272,10272,Hospital Privado de São Gonçalo de Lagos,,Lagos,Faro,8600-645,,,,,,,37.0981644,-8.6821603
273,10273,Hospital Psiquiátrico,,Bragança,Bragança,5300-379,,,,,,,41.8179853,-6.7504943
274,10274,Hospital Psiquiátrico Conde de Ferreira,,Porto,Porto,4000-069,,,,,,,41.1709132,-8.5885851
275,10275,Hospital Psiquiátrico Sobral Cid,Conraria nan,Coimbra,Coimbra,3040-714,,+351 239 796 400,,,,,40.1751476,-8.4024114
276,10276,Hospital Pulido Valente,Alameda das Linhas de Torres 117,Lisboa,Lisboa,1050-115,,,,,No,,38.7647054,-9.1572508
277,10277,Hospital Rainha Santa Isabel,,Torres Novas,Santarém,2350-758,,,,,Yes,,39.4677326,-8.537223
278,10278,Hospital Saint Louis,Rua Luz Soriano 182,Lisboa,Lisboa,1050-115,,,,,,,38.7134731,-9.1457764
279,10279,Hospital Santa Cecília,,Alvaiázere,Leiria,3250-110,,,,,,,39.8207729,-8.378032
280,10280,Hospital Santa Maria,Avenida Professor Egas Moniz nan,Lisboa,Lisboa,1649-035,,,,,Yes,,38.7500117,-9.1645625
281,10281,Hospital Santo António: C.I.C.A.,,Porto,Porto,4050-501,,,,,,,41.1464807,-8.6228487
282,10282,Hospital São Francisco Xavier,Estrada Forte do Alto Duque nan,Lisboa,Lisboa,1400-157,,,,,Yes,,38.7066015,-9.2185595
283,10283,Hospital São João Baptista,,Entroncamento,Santarém,2330-078,,,,,,,39.4628032,-8.4629274
284,10284,Hospital São João de Deus,,Montemor-o-Novo,Évora,7050-098,,,,,No,,38.6523122,-8.2148101
285,10285,Hospital São João de Deus,Rua Artur Cupertino de Miranda 31,Vila Nova de Famalicão,Braga,4760-012,,+351 252 300800,,,,,41.4131579,-8.5237956
286,10286,Hospital Termal,,Caldas da Rainha,Leiria,2500-241,,,,,,,39.4032337,-9.1326954
287,10287,Hospital Valentim Ribeiro,,Esposende,Braga,4740,,253969480,,,Yes,,41.5366613,-8.7813168
288,10288,Hospital Valongo,Rua da Misericórdia nan,Valongo,Porto,4440-520,,,,,Yes,,41.1872348,-8.4993182
289,10289,Hospital Velho,,Almeirim,Santarém,2080-044,,,,,,,39.2104885,-8.628338
290,10290,Hospital Vila Franca de Xira,,Vila Franca de Xira,Lisboa,2600-159,,,,,,,38.9782728,-8.9840553
291,10291,Hospital Visconde de Salreu,,Estarreja,Aveiro,3865-284,,,,,,,40.7476825,-8.5688038
292,10292,Hospital da Arrábida,,Vila Nova de Gaia,Porto,4400-346,,,,,,,41.1409249,-8.635853
293,10293,Hospital da Cruz Vermelha Portuguesa,Rua Duarte Galvão 54,Lisboa,Lisboa,1050-115,,+351 217 714 000,,,Yes,,38.7456459,-9.1756551
294,10294,Hospital da Fundação Nossa Senhora da Guia,,Ansião,Leiria,3240-315,,,,,Yes,,39.9241736,-8.3563902
295,10295,Hospital da Luz - Setúbal,,Setúbal,Setúbal,2925,,,,,,,38.5341232,-8.9109291
296,10296,Hospital da Luz Aveiro,Rua do Brasil 21,Aveiro,Aveiro,3810-085,,+351 234400700,,,Yes,,40.6374547,-8.6368298
297,10297,Hospital da Luz Lisboa,Avenida Lusíada 100,Lisboa,Lisboa,1500-650,,,,,,,38.7559505,-9.1945108
298,10298,Hospital da Luz Póvoa de Varzim,,Póvoa de Varzim,Porto,4490-011,,,,,,,41.3948157,-8.764613
299,10299,Hospital da Misericórdia,,Ponte da Barca,Viana Do Castelo,4980-622,,,,,,,41.8075083,-8.4156518
300,10300,Hospital da Misericórdia,,Castelo de Paiva,Aveiro,4550-110,,,,,No,,41.0399299,-8.2681084
301,10301,Hospital da Ordem Terceira,Rua Serpa Pinto 7,Lisboa,Lisboa,1050-115,,,,,,,38.7084211,-9.1419535
302,10302,Hospital da Ordem da Lapa,Largo da Lapa 1,Porto,Porto,4050-590,,+351 225 502 828,,,Yes,,41.1573528,-8.6127755
303,10303,Hospital da Ordem da Trindade,,Porto,Porto,4000-117,,,,,No,,41.1517736,-8.6101095
304,10304,Hospital da Prelada,,Porto,Porto,4250-266,,,,,No,,41.1719662,-8.6311436
305,10305,Hospital da Santa Casa de Misericórdia,,Vila Flor,Bragança,5360-360,,,,,,,41.3093553,-7.158134
306,10306,"Hospital da Senhora da Oliveira Guimarães, EPE",Rua dos Cutileiros nan,Guimarães,Braga,4835,,+351 253540330,,,,,41.4407234,-8.306052
307,10307,Hospital das Forças Armadas - Pólo de Lisboa,Azinhaga dos Ulmeiros nan,Lisboa,Lisboa,1050-115,,,,,,,38.768347,-9.1737523
308,10308,Hospital de Braga,Ambulatório (consultas externas) nan,Braga,Braga,4700-442,,+351 253 027000,,,Yes,,41.5668621,-8.401134
309,10309,Hospital de Caldas da Rainha,Rua Diário de Notícias nan,Caldas da Rainha,Leiria,2500-176,,,,,,,39.4045987,-9.1315378
310,10310,Hospital de Cuidados Continuados Integrados,,Ílhavo,Aveiro,3830-153,,,,,No,,40.5973583,-8.6727013
311,10311,Hospital de Dia da Maia,,Maia,Porto,4470-151,,,,,No,,41.2351939,-8.6237501
312,10312,Hospital de Dia da Trofa,,Vila Nova de Famalicão,Braga,4760-012,,,,,,,41.3998052,-8.5170035
313,10313,Hospital de Fafe,,Fafe,Braga,4820-382,,,,,Yes,,41.4500031,-8.1695736
314,10314,Hospital de Jesus,Travessa Arrochela 2,Lisboa,Lisboa,1050-115,,,,,,,38.7124622,-9.1506543
315,10315,Hospital de Lamego,,Lamego,Viseu,5100,,,,,,,41.0844108,-7.7954483
316,10316,Hospital de Lousada,,Lousada,Porto,4620-009,,,,,,,41.2804551,-8.2784096
317,10317,Hospital de Magalhães Lemos,,Porto,Porto,4000-069,,,,,No,,41.1767423,-8.6643549
318,10318,Hospital de Mondim de Basto,,Mondim de Basto,Vila Real,4880-231,,,,,,,41.4117576,-7.9641465
319,10319,Hospital de Oliveira de Azeméis,,Oliveira de Azeméis,Aveiro,3720-252,,,,,Yes,,40.8414337,-8.4713764
320,10320,Hospital de Paredes,,Paredes,Porto,4580-053,,,,,,,41.2052118,-8.3324326
321,10321,Hospital de Peniche,,Peniche,Leiria,2520-408,,,,,,,39.3629938,-9.3820409
322,10322,Hospital de S. Gonçalo (Novo),,Amarante,Porto,4600-088,,,,,,,41.3021237,-8.0802084
323,10323,Hospital de Sant'Ana,Rua de Benguela 231,Cascais,Lisboa,2775-234,,,,,,,38.6859536,-9.3493652
324,10324,Hospital de Santa Casa da Misericórdia de Arruda dos Vinhos,,Arruda dos Vinhos,Lisboa,2630-288,,,,,,,38.9825681,-9.0784676
325,10325,Hospital de Santa Cruz,Avenida Errázuriz 921,Oeiras,Lisboa,2790-465,,,,,,,38.725911,-9.2343845
326,10326,Hospital de Santa Luzia,,Viana do Castelo,Viana Do Castelo,4900,,,,,Yes,,41.6963247,-8.8317159
327,10327,Hospital de Santa Maria,,Porto,Porto,4000-199,,,,,,,41.1603439,-8.609825
328,10328,Hospital de Santa Maria Maior,,Barcelos,Braga,4750-275,,,,,Yes,,41.5330744,-8.6164029
329,10329,Hospital de Santo André,,Leiria,Leiria,2410-196,,,,,Yes,,39.7431706,-8.7928025
330,10330,Hospital de Santo António dos Capuchos,Alameda de Santo António dos Capuchos nan,Lisboa,Lisboa,1050-115,,,,,,,38.7225043,-9.1414432
331,10331,Hospital de Santo Espírito da Ilha Terceira,,,Ilha Terceira,,,,,,Yes,,38.6675696,-27.2211206
332,10332,Hospital de São Camilo,,Portimão,Faro,8500-734,,,,,,,37.1392675,-8.5447884
333,10333,Hospital de São José,Rua José António Serrano nan,Lisboa,Lisboa,1169-097,,,,,Yes,,38.7198864,-9.1388146
334,10334,Hospital de São João,,Porto,Porto,4200-450,,,,,Yes,,41.1798938,-8.6034531
335,10335,Hospital de São Martinho,,Valongo,Porto,4440-037,,,,,Yes,,41.1820626,-8.4828141
336,10336,Hospital de São Paulo - Serpa,,Serpa,Beja,7830-436,,,,,Yes,,37.9443159,-7.5958545
337,10337,Hospital de São Sebastião,Rua Doutor Cândido Pinho s/n,Santa Maria da Feira,Aveiro,4520,,+351 256 379 700,,,Yes,,40.9311264,-8.54839
338,10338,Hospital de São Teotónio,Avenida Rei Dom Duarte nan,Viseu,Viseu,3500,,,,,Yes,,40.6501994,-7.9094341
339,10339,Hospital de Vale de CambraCentro de Saúde,,Vale de Cambra,Aveiro,3730-240,,,,,,,40.8480235,-8.3926173
340,10340,Hospital de Vila do Conde,Avenida Doutor Artur Cunha Araújo nan,Vila do Conde,Porto,4480-671,,,,,Yes,,41.3549694,-8.7449981
341,10341,Hospital do Arcebisto João Crisóstomo,,Cantanhede,Coimbra,3060-201,,,,,,,40.3414743,-8.5876475
342,10342,Hospital do Divino Espirito Santo,,,Ilha De São Miguel,,,,,,,,37.7513931,-25.6780823
343,10343,"Hospital do Litoral Alentejano, EPE",,Santiago do Cacém,Setúbal,7540,,,,,Yes,,38.0419739,-8.7322481
344,10344,Hospital do Mar,,Loures,Lisboa,2695-456,,,,,,,38.8026391,-9.0986338
345,10345,Hospital do Médio Ave,,Santo Tirso,Porto,4780-365,,,,,Yes,,41.341952,-8.4797062
346,10346,Hospital do SAMS,Rua Cidade de Gabela 1,Lisboa,Lisboa,1050-115,,,,,,,38.7685821,-9.114988
347,10347,Hospital do Terço,,Porto,Porto,4000-098,,,,,No,,41.1445658,-8.6081842
348,10348,Hospital dos Covões - Consultas Externas,,Coimbra,Coimbra,3000-250,,,,,,,40.1955729,-8.4617899
349,10349,Hospital dos Covões - Edifício Central,Rua 5 de Outubro nan,Coimbra,Coimbra,3045-043,,+351 239 800 100;+351 239 488 700,,,,,40.194177,-8.4596964
350,10350,Hospital dos Lusíadas,Rua Abílio Mendes nan,Lisboa,Lisboa,1050-115,,,,,,,38.7486962,-9.1758181
351,10351,Hospital dos Lusíadas,Largo de Camões 11,Faro,Faro,8000-140,,,,,,,37.0208207,-7.9391633
352,10352,Hospital-Escola Fernando Pessoa,,Gondomar,Porto,4420-223,,,,,,,41.1436821,-8.5444179
353,10353,"INTEGRITAS - Cuidados de Saude, Lda.",Praça Dr. Manuel Rebelo de Andrade 3,Cascais,Lisboa,2775-595,,+351214580469,,,,,38.6895608,-9.3327437
354,10354,Idealmed - Unidade Hospitalar de Coimbra,Circular Externa nan,Coimbra,Coimbra,3020-384,,+351 239 096900,,,,,40.2246679,-8.424913
355,10355,Instituto CUF Porto,,Matosinhos,Porto,4460-422,,,,,,,41.1817154,-8.6502161
356,10356,Instituto Português Oncologia de Lisboa Francisco Gentil,Rua Professor Lima Basto nan,Lisboa,Lisboa,1050-115,,,,,No,,38.7403831,-9.1655516
357,10357,Instituto Português de Oncologia - Francisco Gentil,,Coimbra,Coimbra,3000-250,,,,,,,40.2166804,-8.4101273
358,10358,Instituto Português de Oncologia do Porto,Rua Doutor António Bernardino de Almeida nan,Porto,Porto,4200-328,,+351 225 084 000,,,No,,41.1803487,-8.6051674
359,10359,Instituto de Medicina Legal,,Porto,Porto,4050-161,,,,,,,41.1481278,-8.618014
360,10360,Instituto de Medicina de Cascais,Avenida Pedro Alvares Cabral 236,Sintra,Lisboa,2710-631,,,,,,,38.6975726,-9.4335417
361,10361,Instituto de Oftalmologia Doutor Gama Pinto,Travessa Larga 2,Lisboa,Lisboa,1050-115,,,,,,,38.7224639,-9.1443175
362,10362,Lar Residencial - A. Solid. Social Espadanedo,Rua do Souto 1,Cinfães,Viseu,4690-112,,,,,,,41.0827253,-8.2024755
363,10363,Maternidade Bissaya Barreto,Rua Augusta nan,Coimbra,Coimbra,3000-250,,+351 239 800 100;+351 239 488 700,,,,,40.2117802,-8.4159213
364,10364,Maternidade Doutor Alfredo da Costa,Rua Viriato nan,Lisboa,Lisboa,1050-115,,+351 213 184 000,,,,,38.7331021,-9.1476072
365,10365,Maternidade Doutor Daniel de Matos,Rua Miguel Torga nan,Coimbra,Coimbra,3000-250,,+351 239 403 060,,,,,40.2073844,-8.4118908
366,10366,Parque de Saúde de Lisboa,,Lisboa,Lisboa,1050-115,,,,,,,38.7559312,-9.1486352
367,10367,Patrocínio,,Évora,Évora,7000-749,,,,,,,38.5678982,-7.9005561
368,10368,Policlinica FISIOCINFÃES,,Cinfães,Viseu,4690-130,,,,,No,,41.0763409,-8.214071
369,10369,Posto Médico,,Cinfães,Viseu,4690,,,,,,,41.066871,-8.1545592
370,10370,Posto Médico de Covão do Lobo,,Vagos,Aveiro,3840-124,,,,,,,40.4407798,-8.6460032
371,10371,Posto de Saúde da Gafanha da Boa Hora,,Vagos,Aveiro,3840-252,,,,,,,40.540563,-8.7557756
372,10372,Posto de Saúde do Corvo,,Corvo,Ilha Do Corvo,9980-039,,,,,,,39.6726526,-31.1128005
373,10373,SAMS,Rua Fialho de Almeida nan,Lisboa,Lisboa,1050-115,,,,,No,,38.7344588,-9.1577538
374,10374,Santa Casa da Misericordia,,Silves,Faro,8300-152,,,,,,,37.1903769,-8.4396818
375,10375,Santa Casa da Misericórdia,,Vila Verde,Braga,4730-577,,,,,,,41.6526004,-8.4351106
376,10376,Santa Casa da Misericórdia de Arcos de Valdevez,,Arcos de Valdevez,Viana Do Castelo,4970-593,,,,,,,41.8516089,-8.4256859
377,10377,Santa Casa da Misericórdia de Covilhã - Centro de Diagnóstico,,Covilhã,Castelo Branco,6200-151,,,,,,,40.2810103,-7.5068035
378,10378,Santa Casa da Misericórdia de Santo Tirso,,Santo Tirso,Porto,4780-365,,,,,No,,41.3427448,-8.481547
379,10379,Serviço de Urgência Básica (SUB),,Sintra,Lisboa,2725-179,,21434 5535,,,,,38.7903245,-9.3520283
380,10380,Soerad - Hospital Privado,,Torres Vedras,Lisboa,2560-270,,,,,,,39.0949265,-9.255877
381,10381,Terapia das dores,,Marinha Grande,Leiria,2430-237,,,,,No,,39.7425769,-8.9267805
382,10382,Terra Quente,,Mirandela,Bragança,5370-265,,,,,,,41.4811416,-7.1793714
383,10383,Trofa Saúde Hospital Vila Real,Rua Baden-Powell 3,Vila Real,Vila Real,5000-471,,+351 259 247000,,,Yes,,41.2965716,-7.7362732
384,10384,UCSP Lourinhã - Pólo Ribamar,,Lourinhã,Lisboa,2530-628,,,,,,,39.202483,-9.3313623
385,10385,USF de Gualtar,,Braga,Braga,4710-093,,,,,Yes,,41.568531,-8.3869981
386,10386,Unidade Cuidados Continuados de Ribeira de Pena,,Ribeira de Pena,Vila Real,4870,,,,,,,41.5248818,-7.7935669
387,10387,Unidade Hospitalar de Chaves (Centro Hospitalar de Trás-os-Montes e Alto Douro),Avenida Doutor Francisco de Sá Carneiro nan,Chaves,Vila Real,5400,,+351 276 300 900,,,Yes,,41.7430211,-7.4770942
388,10388,Unidade Saúde Familiar Pedrouços,,Maia,Porto,4425-712,,,,,No,,41.1959825,-8.5792862
389,10389,Unidade de Cuidados Continuados,Rua da Escola nan,Viseu,Viseu,3510-105,,,,,,,40.6140559,-8.0166922
390,10390,Unidade de Cuidados Continuados,,Amarante,Porto,4600-088,,,,,,,41.2738999,-8.0795594
391,10391,Unidade de Cuidados Continuados,,Castro Marim,Faro,8950-029,,,,,,,37.2834433,-7.4678385
392,10392,Unidade de Cuidados de Saúde Personalizados de Adaúfe,,Braga,Braga,4700-442,,,,,No,,41.5859827,-8.4018721
393,10393,Unidade de Saúde Familiar - Fénix,,Vila Real,Vila Real,5000-728,,,,,,,41.2995608,-7.7245744
394,10394,Unidade de Saúde Familiar Além D'Ouro (ACES Espinho/Gaia),,Vila Nova de Gaia,Porto,4415-915,,,,,,,41.0335698,-8.5122434
395,10395,Unidade de Saúde Familiar Descobertas,,Lisboa,Lisboa,1050-115,,,,,No,,38.6952468,-9.2209297
396,10396,Unidade de Saúde Familiar da Junqueira,,Vila do Conde,Porto,4480-269,,,,,No,,41.3798273,-8.6849876
397,10397,Unidade de Saúde da Ilha do Faial,Rua da Vista Alegre nan,Horta,Ilha Do Faial,9900-038,,,,,No,,38.5415778,-28.627633
398,10398,Unidade de Saúde do Carandá,,Braga,Braga,4700-442,,,,,,,41.5467352,-8.4146584
399,10399,Águas de Melgaço,,Melgaço,Viana Do Castelo,4960-330,,,,,,,42.1059377,-8.282017
400,10400,Centro de Imagiologia Médica de Fafe,,Fafe,Braga,4820-382,,,,,,,41.4496631,-8.1711318
401,10401,Centro de Reabilitação Profissional de Gaia,,Vila Nova de Gaia,Porto,4410-411,,,,,,,41.06161,-8.6329593
402,10402,Centro de Saude Figueiró (Santiago),,Amarante,Porto,4600-088,,,,,,,41.3030667,-8.1618748
403,10403,Centro de Saúde de Amoreira,Rua da Mina nan,Óbidos,Leiria,2510-425,,,,,,,39.3425055,-9.2043999
404,10404,Centro de Saúde de Esposende,,Esposende,Braga,4740,,,,,,,41.5371415,-8.7809096
405,10405,Centro de Saúde de Fafe,,Fafe,Braga,4820-382,,,,,,,41.4466785,-8.1719375
406,10406,Centro de Saúde de Pavia,,Mora,Évora,7490-426,,,,,,,38.8938397,-8.0188676
407,10407,Centro de Saúde do Turcifal,,Torres Vedras,Lisboa,2565-814,,,,,,,39.0406146,-9.2663356
408,10408,Clínica Dra. Paula Pereira,Rua Central da Vergada 224.0,Santa Maria da Feira,Aveiro,4535,,+351 227449153,,,,,41.0080589,-8.5534476
409,10409,Clínica da Saúde,,Braga,Braga,4700-262,,,,,,,41.5596729,-8.446559
410,10410,Consultório Dr. Pedro Ramos,,,Ilha Da Madeira,,,,,,,,32.7329462,-17.1937624
411,10411,Cosporacion Dermostetica,,Braga,Braga,4700-442,,,,,,,41.5479778,-8.422255
412,10412,Extensão de Saúde Alpedrinha (C. S. Fundão),,Fundão,Castelo Branco,6230-064,,,,,,,40.0991232,-7.4666972
413,10413,Extensão de Saúde de Fão,,Esposende,Braga,4740-325,,,,,,,41.5098579,-8.7695754
414,10414,Fresenius Medical Care,,Olhão,Faro,8700,,,,,,,37.1158781,-7.649003
415,10415,Posto Medicina da Galp,,Santiago do Cacém,Setúbal,7500,,,,,,,38.0640908,-8.7738972
416,10416,Posto Médco Foz do Sousa,,Gondomar,Porto,4515-200,,,,,,,41.094437,-8.5017174
417,10417,Tratamentos Termais,,Carrazeda de Ansiães,Bragança,5140-223,,,,,,,41.2915681,-7.3738909
418,10418,Unidade de Saùde Familiar das Taipas/ Ara de Trajano,,Guimarães,Braga,4805-080,,,,,,,41.4839803,-8.3519991
419,10419,Unidade de Saúde Familiar do Vale do Âncora,,Caminha,Viana Do Castelo,4910,,,,,,,41.812059,-8.8565543
