,name,address,city,state,zip,phone,LAT,LON,hasSpecialties,ADDICTION MEDICINE,ADVANCED HEART FAILURE AND TRANSPLANT CARDIOLOGY,ALLERGY/IMMUNOLOGY,ANESTHESIOLOGY,ANESTHESIOLOGY ASSISTANT,AUDIOLOGIST,CARDIAC ELECTROPHYSIOLOGY,CARDIAC SURGERY,CARDIOVASCULAR DISEASE (CARDIOLOGY),CERTIFIED NURSE MIDWIFE,CERTIFIED REGISTERED NURSE ANESTHETIST,CHIROPRACTIC,CLINICAL NURSE SPECIALIST,CLINICAL PSYCHOLOGIST,CLINICAL SOCIAL WORKER,COLORECTAL SURGERY (PROCTOLOGY),CRITICAL CARE (INTENSIVISTS),DENTIST,DERMATOLOGY,DIAGNOSTIC RADIOLOGY,EMERGENCY MEDICINE,ENDOCRINOLOGY,FAMILY PRACTICE,GASTROENTEROLOGY,GENERAL PRACTICE,GENERAL SURGERY,GERIATRIC MEDICINE,GERIATRIC PSYCHIATRY,GYNECOLOGICAL ONCOLOGY,HAND SURGERY,HEMATOLOGY,HEMATOLOGY/ONCOLOGY,HEMATOPOIETIC CELL TRANSPLANTATION AND CELLULAR TH,HOSPICE/PALLIATIVE CARE,HOSPITALIST,INFECTIOUS DISEASE,INTERNAL MEDICINE,INTERVENTIONAL CARDIOLOGY,INTERVENTIONAL PAIN MANAGEMENT,INTERVENTIONAL RADIOLOGY,MAXILLOFACIAL SURGERY,MEDICAL ONCOLOGY,NEPHROLOGY,NEUROLOGY,NEUROPSYCHIATRY,NEUROSURGERY,NUCLEAR MEDICINE,NURSE PRACTITIONER,OBSTETRICS/GYNECOLOGY,OCCUPATIONAL THERAPY,OPHTHALMOLOGY,OPTOMETRY,ORAL SURGERY,ORTHOPEDIC SURGERY,OSTEOPATHIC MANIPULATIVE MEDICINE,OTOLARYNGOLOGY,PAIN MANAGEMENT,PATHOLOGY,PEDIATRIC MEDICINE,PERIPHERAL VASCULAR DISEASE,PHYSICAL MEDICINE AND REHABILITATION,PHYSICAL THERAPY,PHYSICIAN ASSISTANT,PLASTIC AND RECONSTRUCTIVE SURGERY,PODIATRY,PREVENTATIVE MEDICINE,PSYCHIATRY,PULMONARY DISEASE,RADIATION ONCOLOGY,REGISTERED DIETITIAN OR NUTRITION PROFESSIONAL,"RHEUMATOLOGY,",SLEEP MEDICINE,SPEECH LANGUAGE PATHOLOGIST,SPORTS MEDICINE,SURGICAL ONCOLOGY,THORACIC SURGERY,UNDEFINED PHYSICIAN TYPE (SPECIFY),"UROLOGY,",VASCULAR SURGERY,id
0,A.Z. Jan Portaels,Gendarmeriestraat 65,Vilvoorde,Vlaanderen,1800,,50.9275154,4.4190125,False,,,,,,,,,,,,,,,,,,,,,,,,,,,,,,,,,,,,,,,,,,,,,,,,,,,,,,,,,,,,,,,,,,,,,,,,,,,,,,,,30000
1,A.Z. Jan Portaels,Vaartstraat 42,Vilvoorde,Vlaanderen,1800,,50.9274072,4.4190545,False,,,,,,,,,,,,,,,,,,,,,,,,,,,,,,,,,,,,,,,,,,,,,,,,,,,,,,,,,,,,,,,,,,,,,,,,,,,,,,,,30001
2,A.Z. Jan Portaels,Gendarmeriestraat 65,Vilvoorde,Vlaanderen,1800,,50.9274896,4.418969,False,,,,,,,,,,,,,,,,,,,,,,,,,,,,,,,,,,,,,,,,,,,,,,,,,,,,,,,,,,,,,,,,,,,,,,,,,,,,,,,,30002
3,A.Z. Sint-Lucas campus Sint-Lucas,Groenebriel 1,Gent,Vlaanderen,9000,,51.064075,3.7198579,False,,,,,,,,,,,,,,,,,,,,,,,,,,,,,,,,,,,,,,,,,,,,,,,,,,,,,,,,,,,,,,,,,,,,,,,,,,,,,,,,30003
4,A.Z. Sint-Lucas campus Volkskliniek,Tichelrei 1,Gent,Vlaanderen,9000,,51.0606214,3.7212564,False,,,,,,,,,,,,,,,,,,,,,,,,,,,,,,,,,,,,,,,,,,,,,,,,,,,,,,,,,,,,,,,,,,,,,,,,,,,,,,,,30004
5,ASZ Campus Geraardsbergen,,Geraardsbergen,Vlaanderen,9500,,50.7705536,3.8771583,False,,,,,,,,,,,,,,,,,,,,,,,,,,,,,,,,,,,,,,,,,,,,,,,,,,,,,,,,,,,,,,,,,,,,,,,,,,,,,,,,30005
6,ASZ Wetteren,,Wetteren,Vlaanderen,9230,,51.011728,3.8977137,False,,,,,,,,,,,,,,,,,,,,,,,,,,,,,,,,,,,,,,,,,,,,,,,,,,,,,,,,,,,,,,,,,,,,,,,,,,,,,,,,30006
7,AZ Alma- campus Ringlaan,Ringlaan 15,Eeklo,Vlaanderen,9900,,51.1916682,3.5358218,False,,,,,,,,,,,,,,,,,,,,,,,,,,,,,,,,,,,,,,,,,,,,,,,,,,,,,,,,,,,,,,,,,,,,,,,,,,,,,,,,30007
8,AZ Damiaan,Gouwelozestraat 100,Oostende,Vlaanderen,8400,,51.2178487,2.9352914,False,,,,,,,,,,,,,,,,,,,,,,,,,,,,,,,,,,,,,,,,,,,,,,,,,,,,,,,,,,,,,,,,,,,,,,,,,,,,,,,,30008
9,AZ Delta Menen,,Menen,Vlaanderen,8930,,50.7923928,3.1226568,False,,,,,,,,,,,,,,,,,,,,,,,,,,,,,,,,,,,,,,,,,,,,,,,,,,,,,,,,,,,,,,,,,,,,,,,,,,,,,,,,30009
10,AZ Delta campus Brugsesteenweg,Brugsesteenweg 90,Roeselare,Vlaanderen,8800,+32 51 23 61 11,50.9547734,3.1219107,False,,,,,,,,,,,,,,,,,,,,,,,,,,,,,,,,,,,,,,,,,,,,,,,,,,,,,,,,,,,,,,,,,,,,,,,,,,,,,,,,30010
11,AZ Delta campus Wilgenstraat,Wilgenstraat 2,Roeselare,Vlaanderen,8800,,50.9389763,3.1216664,False,,,,,,,,,,,,,,,,,,,,,,,,,,,,,,,,,,,,,,,,,,,,,,,,,,,,,,,,,,,,,,,,,,,,,,,,,,,,,,,,30011
12,AZ Diest Campus Hasseltsestraat,,Diest,Vlaanderen,3290,,50.9804781,5.0518246,False,,,,,,,,,,,,,,,,,,,,,,,,,,,,,,,,,,,,,,,,,,,,,,,,,,,,,,,,,,,,,,,,,,,,,,,,,,,,,,,,30012
13,AZ Diest Campus Statiestraat,,Diest,Vlaanderen,3290,+32 13 35 40 11,50.986332,5.0516469,False,,,,,,,,,,,,,,,,,,,,,,,,,,,,,,,,,,,,,,,,,,,,,,,,,,,,,,,,,,,,,,,,,,,,,,,,,,,,,,,,30013
14,AZ Glorieux,,Ronse,Vlaanderen,9600,,50.7548259,3.6051066,False,,,,,,,,,,,,,,,,,,,,,,,,,,,,,,,,,,,,,,,,,,,,,,,,,,,,,,,,,,,,,,,,,,,,,,,,,,,,,,,,30014
15,AZ Groeninge - campus Kennedylaan,President Kennedylaan 4,Kortrijk,Vlaanderen,8500,,50.8018199,3.2621457,False,,,,,,,,,,,,,,,,,,,,,,,,,,,,,,,,,,,,,,,,,,,,,,,,,,,,,,,,,,,,,,,,,,,,,,,,,,,,,,,,30015
16,AZ Groeninge - campus Reepkaai,Reepkaai 4,,Vlaanderen,,,50.8298986,3.2599253,False,,,,,,,,,,,,,,,,,,,,,,,,,,,,,,,,,,,,,,,,,,,,,,,,,,,,,,,,,,,,,,,,,,,,,,,,,,,,,,,,30016
17,AZ Jan Palfijn site Watersportbaan,Henri Dunantlaan 5,Gent,Vlaanderen,9000,,51.0478855,3.7004804,False,,,,,,,,,,,,,,,,,,,,,,,,,,,,,,,,,,,,,,,,,,,,,,,,,,,,,,,,,,,,,,,,,,,,,,,,,,,,,,,,30017
18,AZ Klina,Augustijnslei 100,Brasschaat,Vlaanderen,2930,,51.2989382,4.4888286,False,,,,,,,,,,,,,,,,,,,,,,,,,,,,,,,,,,,,,,,,,,,,,,,,,,,,,,,,,,,,,,,,,,,,,,,,,,,,,,,,30018
19,AZ Maria Middelares,Kortrijksesteenweg 1026,Gent,Vlaanderen,9051,,51.0238507,3.7024463,False,,,,,,,,,,,,,,,,,,,,,,,,,,,,,,,,,,,,,,,,,,,,,,,,,,,,,,,,,,,,,,,,,,,,,,,,,,,,,,,,30019
20,AZ Maria Middelares campus Sint-Jozef,Kliniekstraat 27,Gent,Vlaanderen,9050,+32 9 236 50 00,51.0436009,3.7570078,False,,,,,,,,,,,,,,,,,,,,,,,,,,,,,,,,,,,,,,,,,,,,,,,,,,,,,,,,,,,,,,,,,,,,,,,,,,,,,,,,30020
21,AZ Monica,,Antwerpen,Vlaanderen,2100,,51.2073111,4.4706491,False,,,,,,,,,,,,,,,,,,,,,,,,,,,,,,,,,,,,,,,,,,,,,,,,,,,,,,,,,,,,,,,,,,,,,,,,,,,,,,,,30021
22,AZ Monica Antwerpen,,Antwerpen,Vlaanderen,2018,,51.2015676,4.408578,False,,,,,,,,,,,,,,,,,,,,,,,,,,,,,,,,,,,,,,,,,,,,,,,,,,,,,,,,,,,,,,,,,,,,,,,,,,,,,,,,30022
23,AZ Nikolaas (Meesterstraat),,Sint-Niklaas,Vlaanderen,9100,,51.1631351,4.1511064,False,,,,,,,,,,,,,,,,,,,,,,,,,,,,,,,,,,,,,,,,,,,,,,,,,,,,,,,,,,,,,,,,,,,,,,,,,,,,,,,,30023
24,AZ Nikolaas (Moerland),Moerlandstraat 1,Sint-Niklaas,Vlaanderen,9100,,51.1609406,4.1509993,False,,,,,,,,,,,,,,,,,,,,,,,,,,,,,,,,,,,,,,,,,,,,,,,,,,,,,,,,,,,,,,,,,,,,,,,,,,,,,,,,30024
25,AZ Nikolaas Campus Beveren,,Beveren,Vlaanderen,9120,,51.2104909,4.2508722,False,,,,,,,,,,,,,,,,,,,,,,,,,,,,,,,,,,,,,,,,,,,,,,,,,,,,,,,,,,,,,,,,,,,,,,,,,,,,,,,,30025
26,AZ Oudenaarde,Minderbroedersstraat 3,Oudenaarde,Vlaanderen,9700,+32 55 33 61 11,50.8430108,3.601752,False,,,,,,,,,,,,,,,,,,,,,,,,,,,,,,,,,,,,,,,,,,,,,,,,,,,,,,,,,,,,,,,,,,,,,,,,,,,,,,,,30026
27,AZ Sint-Blasius Dagkliniek,Koevliet 6,Zele,Vlaanderen,9240,,51.0665191,4.0266977,False,,,,,,,,,,,,,,,,,,,,,,,,,,,,,,,,,,,,,,,,,,,,,,,,,,,,,,,,,,,,,,,,,,,,,,,,,,,,,,,,30027
28,AZ Sint-Dimpna,,Geel,Vlaanderen,2440,,51.1583474,5.0015767,False,,,,,,,,,,,,,,,,,,,,,,,,,,,,,,,,,,,,,,,,,,,,,,,,,,,,,,,,,,,,,,,,,,,,,,,,,,,,,,,,30028
29,AZ Sint-Dimpna (enkel personeel),,Geel,Vlaanderen,2440,,51.1583373,5.0021894,False,,,,,,,,,,,,,,,,,,,,,,,,,,,,,,,,,,,,,,,,,,,,,,,,,,,,,,,,,,,,,,,,,,,,,,,,,,,,,,,,30029
30,AZ Sint-Jan,Ruddershove 10,Brugge,Vlaanderen,8000,,51.2213677,3.1977402,False,,,,,,,,,,,,,,,,,,,,,,,,,,,,,,,,,,,,,,,,,,,,,,,,,,,,,,,,,,,,,,,,,,,,,,,,,,,,,,,,30030
31,AZ Sint-Jan Brugge-Oostende - Campus Hendrik Serruys,Kaïrostraat 84,Oostende,Vlaanderen,8400,,51.2239481,2.9144458,False,,,,,,,,,,,,,,,,,,,,,,,,,,,,,,,,,,,,,,,,,,,,,,,,,,,,,,,,,,,,,,,,,,,,,,,,,,,,,,,,30031
32,AZ Sint-Jozef,,Malle,Vlaanderen,2390,,51.2755462,4.6428568,False,,,,,,,,,,,,,,,,,,,,,,,,,,,,,,,,,,,,,,,,,,,,,,,,,,,,,,,,,,,,,,,,,,,,,,,,,,,,,,,,30032
33,AZ Sint-Lucas,,Brugge,Vlaanderen,8310,+32 50 36 91 11,51.1850017,3.2466793,False,,,,,,,,,,,,,,,,,,,,,,,,,,,,,,,,,,,,,,,,,,,,,,,,,,,,,,,,,,,,,,,,,,,,,,,,,,,,,,,,30033
34,AZ Sint-Lucas,,Zelzate,Vlaanderen,9060,,51.1957238,3.8227428,False,,,,,,,,,,,,,,,,,,,,,,,,,,,,,,,,,,,,,,,,,,,,,,,,,,,,,,,,,,,,,,,,,,,,,,,,,,,,,,,,30034
35,AZ Sint-Maarten,,Mechelen,Vlaanderen,2800,,51.0522222,4.4733557,False,,,,,,,,,,,,,,,,,,,,,,,,,,,,,,,,,,,,,,,,,,,,,,,,,,,,,,,,,,,,,,,,,,,,,,,,,,,,,,,,30035
36,AZ St-Dimpna,,Geel,Vlaanderen,2440,,51.1595944,5.0007994,False,,,,,,,,,,,,,,,,,,,,,,,,,,,,,,,,,,,,,,,,,,,,,,,,,,,,,,,,,,,,,,,,,,,,,,,,,,,,,,,,30036
37,AZ St-Dimpna,,Geel,Vlaanderen,2440,,51.1606838,4.9999523,False,,,,,,,,,,,,,,,,,,,,,,,,,,,,,,,,,,,,,,,,,,,,,,,,,,,,,,,,,,,,,,,,,,,,,,,,,,,,,,,,30037
38,AZ St-Dimpna,,Geel,Vlaanderen,2440,,51.160392,5.0001508,False,,,,,,,,,,,,,,,,,,,,,,,,,,,,,,,,,,,,,,,,,,,,,,,,,,,,,,,,,,,,,,,,,,,,,,,,,,,,,,,,30038
39,AZ Turnhout Campus Sint Elizabeth,,Turnhout,Vlaanderen,2300,,51.3127219,4.9432027,False,,,,,,,,,,,,,,,,,,,,,,,,,,,,,,,,,,,,,,,,,,,,,,,,,,,,,,,,,,,,,,,,,,,,,,,,,,,,,,,,30039
40,AZ Turnhout Campus Sint Jozef,,Turnhout,Vlaanderen,2300,,51.3342037,4.9185066,False,,,,,,,,,,,,,,,,,,,,,,,,,,,,,,,,,,,,,,,,,,,,,,,,,,,,,,,,,,,,,,,,,,,,,,,,,,,,,,,,30040
41,AZ West,,Veurne,Vlaanderen,8630,,51.0613313,2.6715605,False,,,,,,,,,,,,,,,,,,,,,,,,,,,,,,,,,,,,,,,,,,,,,,,,,,,,,,,,,,,,,,,,,,,,,,,,,,,,,,,,30041
42,AZ Zeno campus Blankenberge,Dr. Frans Verhaegestraat 1,Blankenberge,Vlaanderen,8370,+32 50 43 41 11,51.3080095,3.1251157,False,,,,,,,,,,,,,,,,,,,,,,,,,,,,,,,,,,,,,,,,,,,,,,,,,,,,,,,,,,,,,,,,,,,,,,,,,,,,,,,,30042
43,AZ Zeno campus Knokke-Heist,Kalvekeetdijk 260,Knokke-Heist,Vlaanderen,8300,+32 50 53 50 00,51.3250828,3.2902951,False,,,,,,,,,,,,,,,,,,,,,,,,,,,,,,,,,,,,,,,,,,,,,,,,,,,,,,,,,,,,,,,,,,,,,,,,,,,,,,,,30043
44,AZ-Nikolaas,,Sint-Gillis-Waas,Vlaanderen,9170,,51.223704,4.1245789,False,,,,,,,,,,,,,,,,,,,,,,,,,,,,,,,,,,,,,,,,,,,,,,,,,,,,,,,,,,,,,,,,,,,,,,,,,,,,,,,,30044
45,Algemeen Stedelijk Ziekenhuis Aalst,,Aalst,Vlaanderen,9300,,50.9363633,4.0161419,False,,,,,,,,,,,,,,,,,,,,,,,,,,,,,,,,,,,,,,,,,,,,,,,,,,,,,,,,,,,,,,,,,,,,,,,,,,,,,,,,30045
46,Algemeen Ziekenhuis Sint-Blasius,,Dendermonde,Vlaanderen,9200,,51.0262041,4.1133228,False,,,,,,,,,,,,,,,,,,,,,,,,,,,,,,,,,,,,,,,,,,,,,,,,,,,,,,,,,,,,,,,,,,,,,,,,,,,,,,,,30046
47,Asster Psychiatrisch Ziekenhuis Campus Melveren,,Sint-Truiden,Vlaanderen,3800,,50.838881,5.190948,False,,,,,,,,,,,,,,,,,,,,,,,,,,,,,,,,,,,,,,,,,,,,,,,,,,,,,,,,,,,,,,,,,,,,,,,,,,,,,,,,30047
48,Asster Psychiatrische ziekenhuis Campus Stad,,Sint-Truiden,Vlaanderen,3800,,50.8099876,5.1739956,False,,,,,,,,,,,,,,,,,,,,,,,,,,,,,,,,,,,,,,,,,,,,,,,,,,,,,,,,,,,,,,,,,,,,,,,,,,,,,,,,30048
49,C.H.U. Notre-dame des Bruyères,Rue de Gaillarmont 600,Liège,Wallonie,4032,,50.6243239,5.6352129,False,,,,,,,,,,,,,,,,,,,,,,,,,,,,,,,,,,,,,,,,,,,,,,,,,,,,,,,,,,,,,,,,,,,,,,,,,,,,,,,,30049
50,CHM,,Mouscron,Wallonie,7700,,50.7489336,3.2205068,False,,,,,,,,,,,,,,,,,,,,,,,,,,,,,,,,,,,,,,,,,,,,,,,,,,,,,,,,,,,,,,,,,,,,,,,,,,,,,,,,30050
51,CHR Mons-Hainaut Site Saint-Joseph,Avenue Baudouin de Constantinople 5,Mons,Wallonie,7000,,50.4547493,3.9607193,False,,,,,,,,,,,,,,,,,,,,,,,,,,,,,,,,,,,,,,,,,,,,,,,,,,,,,,,,,,,,,,,,,,,,,,,,,,,,,,,,30051
52,CHR Mons-Hainaut Site Warquignies,Rue des Chaufours 27,Boussu,Wallonie,7300,,50.4187734,3.8040234,False,,,,,,,,,,,,,,,,,,,,,,,,,,,,,,,,,,,,,,,,,,,,,,,,,,,,,,,,,,,,,,,,,,,,,,,,,,,,,,,,30052
53,CHR Verviers | La Tourelle,Rue du Parc 29,Verviers,Wallonie,4800,,50.5819777,5.8572288,False,,,,,,,,,,,,,,,,,,,,,,,,,,,,,,,,,,,,,,,,,,,,,,,,,,,,,,,,,,,,,,,,,,,,,,,,,,,,,,,,30053
54,CHU Ambroise Paré,,Mons,Wallonie,7000,,50.4581915,3.9606929,False,,,,,,,,,,,,,,,,,,,,,,,,,,,,,,,,,,,,,,,,,,,,,,,,,,,,,,,,,,,,,,,,,,,,,,,,,,,,,,,,30054
55,CHU Brugmann - UVC Brugmann,Place Arthur Van Gehuchten - Arthur Van Gehuchtenplein 4,Brussel,,1020,,50.8851079,4.3300592,False,,,,,,,,,,,,,,,,,,,,,,,,,,,,,,,,,,,,,,,,,,,,,,,,,,,,,,,,,,,,,,,,,,,,,,,,,,,,,,,,30055
56,CHU Charleroi - Marie Curie (Lodelinsart),Chaussée de Bruxelles nan,Charleroi,Wallonie,6042,+32 71 92 07 01,50.4304463,4.4401943,False,,,,,,,,,,,,,,,,,,,,,,,,,,,,,,,,,,,,,,,,,,,,,,,,,,,,,,,,,,,,,,,,,,,,,,,,,,,,,,,,30056
57,CHU Esneux,rue Grandfosse 25-27,Esneux,Wallonie,4130,,50.5322087,5.5770286,False,,,,,,,,,,,,,,,,,,,,,,,,,,,,,,,,,,,,,,,,,,,,,,,,,,,,,,,,,,,,,,,,,,,,,,,,,,,,,,,,30057
58,CHU Esneux Polyclinique,rue Grandfosse 33,Esneux,Wallonie,4130,,50.5323707,5.578278,False,,,,,,,,,,,,,,,,,,,,,,,,,,,,,,,,,,,,,,,,,,,,,,,,,,,,,,,,,,,,,,,,,,,,,,,,,,,,,,,,30058
59,CHU Saint-Pierre - UMC Sint-Pieter,Rue Haute - Hoogstraat 322,Brussel,,1000,,50.8344015,4.3457406,False,,,,,,,,,,,,,,,,,,,,,,,,,,,,,,,,,,,,,,,,,,,,,,,,,,,,,,,,,,,,,,,,,,,,,,,,,,,,,,,,30059
60,Campus Sint-Jan,Houtemstraat 115,Tienen,Vlaanderen,3300,,50.8154846,4.9405981,False,,,,,,,,,,,,,,,,,,,,,,,,,,,,,,,,,,,,,,,,,,,,,,,,,,,,,,,,,,,,,,,,,,,,,,,,,,,,,,,,30060
61,Centre Hospitalier Hornu - Frameries,,Frameries,Wallonie,7080,,50.4071136,3.8910473,False,,,,,,,,,,,,,,,,,,,,,,,,,,,,,,,,,,,,,,,,,,,,,,,,,,,,,,,,,,,,,,,,,,,,,,,,,,,,,,,,30061
62,Centre Hospitalier Reine Astrid Malmedy,Rue Devant les Religieuses 2,Malmedy,Wallonie,4960,,50.426357,6.0230262,False,,,,,,,,,,,,,,,,,,,,,,,,,,,,,,,,,,,,,,,,,,,,,,,,,,,,,,,,,,,,,,,,,,,,,,,,,,,,,,,,30062
63,Centre Hospitalier Régional de Huy,Rue des Trois Ponts 2,Huy,Wallonie,4500,+32 85 27 21 11,50.5134521,5.2395055,False,,,,,,,,,,,,,,,,,,,,,,,,,,,,,,,,,,,,,,,,,,,,,,,,,,,,,,,,,,,,,,,,,,,,,,,,,,,,,,,,30063
64,Centre Hospitalier Spécialisé Notre-Dame des Anges,Rue Émile Vandervelde 67,Liège,Wallonie,4000,,50.6480674,5.5448588,False,,,,,,,,,,,,,,,,,,,,,,,,,,,,,,,,,,,,,,,,,,,,,,,,,,,,,,,,,,,,,,,,,,,,,,,,,,,,,,,,30064
65,Centre Hospitalier Spécialisé l'Accueil,Rue du Doyard 15,Lierneux,Wallonie,4990,,50.289536,5.7873744,False,,,,,,,,,,,,,,,,,,,,,,,,,,,,,,,,,,,,,,,,,,,,,,,,,,,,,,,,,,,,,,,,,,,,,,,,,,,,,,,,30065
66,Centre Hospitalier Tubize Nivelles - Site de Tubize,Avenue de Scandiano 8,Tubize,Wallonie,1480,,50.6926293,4.2030516,False,,,,,,,,,,,,,,,,,,,,,,,,,,,,,,,,,,,,,,,,,,,,,,,,,,,,,,,,,,,,,,,,,,,,,,,,,,,,,,,,30066
67,Centre Hospitalier Tubize-Nivelles site de Nivelles,,Nivelles,Wallonie,1400,,50.5942888,4.3168064,False,,,,,,,,,,,,,,,,,,,,,,,,,,,,,,,,,,,,,,,,,,,,,,,,,,,,,,,,,,,,,,,,,,,,,,,,,,,,,,,,30067
68,Centre Hospitalier Universitaire Tivoli,,La Louvière,Wallonie,7100,,50.4781266,4.2054339,False,,,,,,,,,,,,,,,,,,,,,,,,,,,,,,,,,,,,,,,,,,,,,,,,,,,,,,,,,,,,,,,,,,,,,,,,,,,,,,,,30068
69,Centre Hospitalier de Mouscron,Avenue de Fécamp 49,Mouscron,Wallonie,7700,+32 56 85 85 85,50.7489812,3.219568,False,,,,,,,,,,,,,,,,,,,,,,,,,,,,,,,,,,,,,,,,,,,,,,,,,,,,,,,,,,,,,,,,,,,,,,,,,,,,,,,,30069
70,Centre Hospitalier de Wallonie picarde - site IMC,,Tournai,Wallonie,7500,,50.5931911,3.4010519,False,,,,,,,,,,,,,,,,,,,,,,,,,,,,,,,,,,,,,,,,,,,,,,,,,,,,,,,,,,,,,,,,,,,,,,,,,,,,,,,,30070
71,Centre Hospitalier de l'Ardenne,,Libramont-Chevigny,Wallonie,6800,,49.9254962,5.3781149,False,,,,,,,,,,,,,,,,,,,,,,,,,,,,,,,,,,,,,,,,,,,,,,,,,,,,,,,,,,,,,,,,,,,,,,,,,,,,,,,,30071
72,Centre Hospitalier de la Haute Senne - site Saint Vincent,,Soignies,Wallonie,7060,,50.5767818,4.0660158,False,,,,,,,,,,,,,,,,,,,,,,,,,,,,,,,,,,,,,,,,,,,,,,,,,,,,,,,,,,,,,,,,,,,,,,,,,,,,,,,,30072
73,Centre Medical Mosan,Rue de Lantin 122,Liège,Wallonie,4000,+32 4 247 81 20,50.675785,5.5418784,False,,,,,,,,,,,,,,,,,,,,,,,,,,,,,,,,,,,,,,,,,,,,,,,,,,,,,,,,,,,,,,,,,,,,,,,,,,,,,,,,30073
74,Centre Neurologique et de Réadaptation Fonctionnelle,,Tinlot,Wallonie,4557,,50.4865525,5.4348292,False,,,,,,,,,,,,,,,,,,,,,,,,,,,,,,,,,,,,,,,,,,,,,,,,,,,,,,,,,,,,,,,,,,,,,,,,,,,,,,,,30074
75,Centre de Réadaptation Heysel - Revalidatiecentrum Heizel,Rue du Heysel - Heizelstraat 3,Brussel,,1020,,50.8911933,4.3432567,False,,,,,,,,,,,,,,,,,,,,,,,,,,,,,,,,,,,,,,,,,,,,,,,,,,,,,,,,,,,,,,,,,,,,,,,,,,,,,,,,30075
76,Centre de santé des Fagnes,Boulevard Louise 18,Chimay,Wallonie,6460,,50.0444351,4.3101295,False,,,,,,,,,,,,,,,,,,,,,,,,,,,,,,,,,,,,,,,,,,,,,,,,,,,,,,,,,,,,,,,,,,,,,,,,,,,,,,,,30076
77,Centre hospitalier Etterbeek-Ixelles - Ziekenhuizencentrum Etterbeek-Elsene,Rue Jean Paquot - Jean Paquotstraat 63,Elsene,,1050,+32 2 641 41 11,50.8256318,4.3777079,False,,,,,,,,,,,,,,,,,,,,,,,,,,,,,,,,,,,,,,,,,,,,,,,,,,,,,,,,,,,,,,,,,,,,,,,,,,,,,,,,30077
78,Centre hospitalier Joseph Wauters,Avenue de la Résistance 2,Waremme,Wallonie,4300,,50.6924025,5.2502706,False,,,,,,,,,,,,,,,,,,,,,,,,,,,,,,,,,,,,,,,,,,,,,,,,,,,,,,,,,,,,,,,,,,,,,,,,,,,,,,,,30078
79,Centre hospitalier Paul Brien - Verplegingscentrum Paul Brien,Rue du Foyer Schaerbeekois - Schaarbeekse Haardstraat 36,Schaarbeek,,1030,,50.8707003,4.3850323,False,,,,,,,,,,,,,,,,,,,,,,,,,,,,,,,,,,,,,,,,,,,,,,,,,,,,,,,,,,,,,,,,,,,,,,,,,,,,,,,,30079
80,Centre hospitalier Valida,Avenue Josse Goffin - Josse Goffinlaan 180,Sint-Agatha-Berchem,,1082,+32 2 482 40 00,50.8669094,4.3069906,False,,,,,,,,,,,,,,,,,,,,,,,,,,,,,,,,,,,,,,,,,,,,,,,,,,,,,,,,,,,,,,,,,,,,,,,,,,,,,,,,30080
81,Centre hospitalier du Bois de l'Abbaye,,Seraing,Wallonie,4100,,50.5819246,5.4918099,False,,,,,,,,,,,,,,,,,,,,,,,,,,,,,,,,,,,,,,,,,,,,,,,,,,,,,,,,,,,,,,,,,,,,,,,,,,,,,,,,30081
82,ChWaPi Site Union,Rue des Sports nan,Tournai,Wallonie,7500,,50.5998092,3.3827826,False,,,,,,,,,,,,,,,,,,,,,,,,,,,,,,,,,,,,,,,,,,,,,,,,,,,,,,,,,,,,,,,,,,,,,,,,,,,,,,,,30082
83,Chirec - Hôpital de Braine-Waterloo,Rue Wayez 35,Braine-l'Alleud,Wallonie,1420,+32 2 434 91 11,50.6856278,4.3672156,False,,,,,,,,,,,,,,,,,,,,,,,,,,,,,,,,,,,,,,,,,,,,,,,,,,,,,,,,,,,,,,,,,,,,,,,,,,,,,,,,30083
84,Chêne aux Haies,,Mons,Wallonie,7000,,50.4605019,3.978357,False,,,,,,,,,,,,,,,,,,,,,,,,,,,,,,,,,,,,,,,,,,,,,,,,,,,,,,,,,,,,,,,,,,,,,,,,,,,,,,,,30084
85,Clairs Vallons,,Ottignies-Louvain-la-Neuve,Wallonie,1340,,50.6591836,4.6034381,False,,,,,,,,,,,,,,,,,,,,,,,,,,,,,,,,,,,,,,,,,,,,,,,,,,,,,,,,,,,,,,,,,,,,,,,,,,,,,,,,30085
86,Clinique André Renard,,Herstal,Wallonie,4040,,50.6746387,5.6338726,False,,,,,,,,,,,,,,,,,,,,,,,,,,,,,,,,,,,,,,,,,,,,,,,,,,,,,,,,,,,,,,,,,,,,,,,,,,,,,,,,30086
87,Clinique Edmond-Jacques,Rue d'Harnoncourt 48,Virton,Wallonie,6762,,49.553598,5.5269602,False,,,,,,,,,,,,,,,,,,,,,,,,,,,,,,,,,,,,,,,,,,,,,,,,,,,,,,,,,,,,,,,,,,,,,,,,,,,,,,,,30087
88,Clinique Notre-Dame,,Oupeye,Wallonie,4681,,50.732309,5.6874787,False,,,,,,,,,,,,,,,,,,,,,,,,,,,,,,,,,,,,,,,,,,,,,,,,,,,,,,,,,,,,,,,,,,,,,,,,,,,,,,,,30088
89,Clinique Notre-Dame,Rue Edmond de Sélys-Longchamps 47,Waremme,Wallonie,4300,,50.6916389,5.2435165,False,,,,,,,,,,,,,,,,,,,,,,,,,,,,,,,,,,,,,,,,,,,,,,,,,,,,,,,,,,,,,,,,,,,,,,,,,,,,,,,,30089
90,Clinique Notre-Dame de Grâce,chaussée de Nivelles 212,Charleroi,Wallonie,6041,,50.4738036,4.428674,False,,,,,,,,,,,,,,,,,,,,,,,,,,,,,,,,,,,,,,,,,,,,,,,,,,,,,,,,,,,,,,,,,,,,,,,,,,,,,,,,30090
91,Clinique Peltzer (CHR),Rue de Liège 107,Verviers,Wallonie,4800,,50.5843596,5.8540349,False,,,,,,,,,,,,,,,,,,,,,,,,,,,,,,,,,,,,,,,,,,,,,,,,,,,,,,,,,,,,,,,,,,,,,,,,,,,,,,,,30091
92,Clinique Psychiatrique des Frères Alexiens,Rue du Chateau de Ruyff 68,Welkenraedt,Wallonie,4840,,50.6740217,5.95333,False,,,,,,,,,,,,,,,,,,,,,,,,,,,,,,,,,,,,,,,,,,,,,,,,,,,,,,,,,,,,,,,,,,,,,,,,,,,,,,,,30092
93,Clinique Saint-Jean - Kliniek Sint-Jan,Boulevard du Jardin Botanique - Kruidtuinlaan 32,Brussel,,1000,,50.8534822,4.3603011,False,,,,,,,,,,,,,,,,,,,,,,,,,,,,,,,,,,,,,,,,,,,,,,,,,,,,,,,,,,,,,,,,,,,,,,,,,,,,,,,,30093
94,Clinique Saint-Joseph,Rue des Déportés 137,Arlon,Wallonie,6700,,49.6781912,5.8205352,False,,,,,,,,,,,,,,,,,,,,,,,,,,,,,,,,,,,,,,,,,,,,,,,,,,,,,,,,,,,,,,,,,,,,,,,,,,,,,,,,30094
95,Clinique Saint-Joseph,Rue des Déportés 137,Arlon,Wallonie,6700,,49.6778806,5.8212053,False,,,,,,,,,,,,,,,,,,,,,,,,,,,,,,,,,,,,,,,,,,,,,,,,,,,,,,,,,,,,,,,,,,,,,,,,,,,,,,,,30095
96,Clinique Saint-Joseph,Rue des Déportés 137,Arlon,Wallonie,6700,,49.6782121,5.8211495,False,,,,,,,,,,,,,,,,,,,,,,,,,,,,,,,,,,,,,,,,,,,,,,,,,,,,,,,,,,,,,,,,,,,,,,,,,,,,,,,,30096
97,Clinique Saint-Luc,Rue Saint-Luc 8,Namur,Wallonie,5004,,50.4767817,4.8800495,False,,,,,,,,,,,,,,,,,,,,,,,,,,,,,,,,,,,,,,,,,,,,,,,,,,,,,,,,,,,,,,,,,,,,,,,,,,,,,,,,30097
98,Clinique Saint-Michel - Sint-Michiels Ziekenhuis,Rue de Linthout - Linthoutstraat 150,Etterbeek,,1040,,50.8429522,4.4003712,False,,,,,,,,,,,,,,,,,,,,,,,,,,,,,,,,,,,,,,,,,,,,,,,,,,,,,,,,,,,,,,,,,,,,,,,,,,,,,,,,30098
99,Clinique Saint-Pierre,Avenue Reine Fabiola 9,Ottignies-Louvain-la-Neuve,Wallonie,1340,,50.6684386,4.5592373,False,,,,,,,,,,,,,,,,,,,,,,,,,,,,,,,,,,,,,,,,,,,,,,,,,,,,,,,,,,,,,,,,,,,,,,,,,,,,,,,,30099
100,Clinique Saint-Vincent,,Liège,Wallonie,4000,,50.6873306,5.5490375,False,,,,,,,,,,,,,,,,,,,,,,,,,,,,,,,,,,,,,,,,,,,,,,,,,,,,,,,,,,,,,,,,,,,,,,,,,,,,,,,,30100
101,Clinique Sainte-Anne Saint-Remi - Sint-Anna Sint-Remi Kliniek,Boulevard Jules Graindor - Jules Graindorlaan 66,Anderlecht,,1070,,50.8446487,4.3166137,False,,,,,,,,,,,,,,,,,,,,,,,,,,,,,,,,,,,,,,,,,,,,,,,,,,,,,,,,,,,,,,,,,,,,,,,,,,,,,,,,30101
102,Clinique Sainte-Elisabeth,Rue du Naimeux 17,Verviers,Wallonie,4802,,50.5784147,5.8625602,False,,,,,,,,,,,,,,,,,,,,,,,,,,,,,,,,,,,,,,,,,,,,,,,,,,,,,,,,,,,,,,,,,,,,,,,,,,,,,,,,30102
103,Clinique Sainte-Rosalie (C.H.R. de la Citadelle),,Liège,Wallonie,4000,,50.6297658,5.55633,False,,,,,,,,,,,,,,,,,,,,,,,,,,,,,,,,,,,,,,,,,,,,,,,,,,,,,,,,,,,,,,,,,,,,,,,,,,,,,,,,30103
104,Clinique Sainte-Élisabeth,,Namur,Wallonie,5000,,50.4607992,4.8454964,False,,,,,,,,,,,,,,,,,,,,,,,,,,,,,,,,,,,,,,,,,,,,,,,,,,,,,,,,,,,,,,,,,,,,,,,,,,,,,,,,30104
105,Clinique Sainte-Élisabeth - Sint-Elisabeth Ziekenhuis,Avenue De Fré - De Frélaan 206,Uccle,Bruxelles,1180,+32 2 614 20 00,50.8051388,4.3674079,False,,,,,,,,,,,,,,,,,,,,,,,,,,,,,,,,,,,,,,,,,,,,,,,,,,,,,,,,,,,,,,,,,,,,,,,,,,,,,,,,30105
106,Clinique de l'Espérance,Rue Saint-Nicolas 447,Saint-Nicolas,Wallonie,4420,,50.640897,5.5335492,False,,,,,,,,,,,,,,,,,,,,,,,,,,,,,,,,,,,,,,,,,,,,,,,,,,,,,,,,,,,,,,,,,,,,,,,,,,,,,,,,30106
107,Clinique de l'IPAL : Site du Péri,,Liège,Wallonie,4000,,50.6493027,5.5697851,False,,,,,,,,,,,,,,,,,,,,,,,,,,,,,,,,,,,,,,,,,,,,,,,,,,,,,,,,,,,,,,,,,,,,,,,,,,,,,,,,30107
108,Clinique des Houx,,Engis,Wallonie,4480,,50.5510922,5.4081578,False,,,,,,,,,,,,,,,,,,,,,,,,,,,,,,,,,,,,,,,,,,,,,,,,,,,,,,,,,,,,,,,,,,,,,,,,,,,,,,,,30108
109,Clinique du Bois de la Pierre,,Wavre,Wallonie,1300,,50.6964113,4.6146038,False,,,,,,,,,,,,,,,,,,,,,,,,,,,,,,,,,,,,,,,,,,,,,,,,,,,,,,,,,,,,,,,,,,,,,,,,,,,,,,,,30109
110,Clinique du Château Rouge,,Herstal,Wallonie,4040,,50.6730228,5.6373891,False,,,,,,,,,,,,,,,,,,,,,,,,,,,,,,,,,,,,,,,,,,,,,,,,,,,,,,,,,,,,,,,,,,,,,,,,,,,,,,,,30110
111,Clinique du MontLégia (CHC),,Liège,Wallonie,4000,,50.6476968,5.5375332,False,,,,,,,,,,,,,,,,,,,,,,,,,,,,,,,,,,,,,,,,,,,,,,,,,,,,,,,,,,,,,,,,,,,,,,,,,,,,,,,,30111
112,Clinique universitaire de Mont-Godinne,Avenue Docteur Gaston Thérasse 1,Yvoir,Wallonie,5530,,50.3585352,4.8784311,False,,,,,,,,,,,,,,,,,,,,,,,,,,,,,,,,,,,,,,,,,,,,,,,,,,,,,,,,,,,,,,,,,,,,,,,,,,,,,,,,30112
113,Croix-Rouge et agence ONE d'Ampsin,,Amay,Wallonie,4540,,50.540763,5.2847348,False,,,,,,,,,,,,,,,,,,,,,,,,,,,,,,,,,,,,,,,,,,,,,,,,,,,,,,,,,,,,,,,,,,,,,,,,,,,,,,,,30113
114,De Mick,Papestraat 30,Brasschaat,Vlaanderen,2930,,51.3075766,4.5441198,False,,,,,,,,,,,,,,,,,,,,,,,,,,,,,,,,,,,,,,,,,,,,,,,,,,,,,,,,,,,,,,,,,,,,,,,,,,,,,,,,30114
115,Epicura Ath,Rue Maria Thomée 1,Ath,Wallonie,7800,,50.6353691,3.7756854,False,,,,,,,,,,,,,,,,,,,,,,,,,,,,,,,,,,,,,,,,,,,,,,,,,,,,,,,,,,,,,,,,,,,,,,,,,,,,,,,,30115
116,Epicura Baudour,Rue Louis Caty 136,Saint-Ghislain,Wallonie,7331,,50.4689714,3.8426736,False,,,,,,,,,,,,,,,,,,,,,,,,,,,,,,,,,,,,,,,,,,,,,,,,,,,,,,,,,,,,,,,,,,,,,,,,,,,,,,,,30116
117,Epicura Hornu,Rue de Mons 63,Boussu,Wallonie,7301,+32 65 71 31 11,50.4368298,3.8286038,False,,,,,,,,,,,,,,,,,,,,,,,,,,,,,,,,,,,,,,,,,,,,,,,,,,,,,,,,,,,,,,,,,,,,,,,,,,,,,,,,30117
118,Forensisch Psychiatrisch Centrum,,Gent,Vlaanderen,9032,,51.0779484,3.7201704,False,,,,,,,,,,,,,,,,,,,,,,,,,,,,,,,,,,,,,,,,,,,,,,,,,,,,,,,,,,,,,,,,,,,,,,,,,,,,,,,,30118
119,GHdC (Notre-Dame),,Charleroi,Wallonie,6000,,50.4180456,4.4535293,False,,,,,,,,,,,,,,,,,,,,,,,,,,,,,,,,,,,,,,,,,,,,,,,,,,,,,,,,,,,,,,,,,,,,,,,,,,,,,,,,30119
120,H. Hart Ziekenhuis,Kliniekstraat 45,Tienen,Vlaanderen,3300,+32 16 80 90 11,50.8113841,4.9323419,False,,,,,,,,,,,,,,,,,,,,,,,,,,,,,,,,,,,,,,,,,,,,,,,,,,,,,,,,,,,,,,,,,,,,,,,,,,,,,,,,30120
121,H. Hartziekenhuis Mol,Gasthuisstraat 1,Mol,Vlaanderen,2400,,51.1869833,5.1146623,False,,,,,,,,,,,,,,,,,,,,,,,,,,,,,,,,,,,,,,,,,,,,,,,,,,,,,,,,,,,,,,,,,,,,,,,,,,,,,,,,30121
122,Heilig Hart Ziekenhuis,,Mol,Vlaanderen,2400,,51.1875597,5.1148329,False,,,,,,,,,,,,,,,,,,,,,,,,,,,,,,,,,,,,,,,,,,,,,,,,,,,,,,,,,,,,,,,,,,,,,,,,,,,,,,,,30122
123,Heilig Hart Ziekenhuis,,Mol,Vlaanderen,2400,,51.1869976,5.1147106,False,,,,,,,,,,,,,,,,,,,,,,,,,,,,,,,,,,,,,,,,,,,,,,,,,,,,,,,,,,,,,,,,,,,,,,,,,,,,,,,,30123
124,Heilig Hart Ziekenhuis,,Mol,Vlaanderen,2400,,51.1880408,5.114736,False,,,,,,,,,,,,,,,,,,,,,,,,,,,,,,,,,,,,,,,,,,,,,,,,,,,,,,,,,,,,,,,,,,,,,,,,,,,,,,,,30124
125,Heilig Hart Ziekenhuis,,Mol,Vlaanderen,2400,,51.1873793,5.1144994,False,,,,,,,,,,,,,,,,,,,,,,,,,,,,,,,,,,,,,,,,,,,,,,,,,,,,,,,,,,,,,,,,,,,,,,,,,,,,,,,,30125
126,"Home ""Le Bon Repos""",,Dour,Wallonie,7370,,50.3961968,3.7693068,False,,,,,,,,,,,,,,,,,,,,,,,,,,,,,,,,,,,,,,,,,,,,,,,,,,,,,,,,,,,,,,,,,,,,,,,,,,,,,,,,30126
127,Hôpital Delta - Delta Ziekenhuis,Boulevard du Triomphe - Triomflaan 201,Oudergem,,1160,,50.8174238,4.4018218,False,,,,,,,,,,,,,,,,,,,,,,,,,,,,,,,,,,,,,,,,,,,,,,,,,,,,,,,,,,,,,,,,,,,,,,,,,,,,,,,,30127
128,Hôpital Militaire Reine Astrid - Militair Hospitaal Koningin Astrid,Rue Bruyn - Bruynstraat 1,Brussel,,1000,,50.9080376,4.3979614,False,,,,,,,,,,,,,,,,,,,,,,,,,,,,,,,,,,,,,,,,,,,,,,,,,,,,,,,,,,,,,,,,,,,,,,,,,,,,,,,,30128
129,Hôpital Neuro-Psychiatrique Saint-Martin,Rue du Fort de Dave 84,Namur,Wallonie,5000,,50.4299845,4.8750004,False,,,,,,,,,,,,,,,,,,,,,,,,,,,,,,,,,,,,,,,,,,,,,,,,,,,,,,,,,,,,,,,,,,,,,,,,,,,,,,,,30129
130,Hôpital Princesse Paola,,Marche-en-Famenne,Wallonie,6900,,50.2280235,5.3216363,False,,,,,,,,,,,,,,,,,,,,,,,,,,,,,,,,,,,,,,,,,,,,,,,,,,,,,,,,,,,,,,,,,,,,,,,,,,,,,,,,30130
131,Hôpital Saint-Joseph,Rue de Hesbaye 75,Liège,Wallonie,4000,,50.6483381,5.5551682,False,,,,,,,,,,,,,,,,,,,,,,,,,,,,,,,,,,,,,,,,,,,,,,,,,,,,,,,,,,,,,,,,,,,,,,,,,,,,,,,,30131
132,Hôpital Saint-Vincent,,Dinant,Wallonie,5500,,50.2656149,4.9426384,False,,,,,,,,,,,,,,,,,,,,,,,,,,,,,,,,,,,,,,,,,,,,,,,,,,,,,,,,,,,,,,,,,,,,,,,,,,,,,,,,30132
133,Hôpital de Jolimont,Rue Ferrer 159,La Louvière,Wallonie,7100,+32 64 23 30 11,50.4790921,4.2160053,False,,,,,,,,,,,,,,,,,,,,,,,,,,,,,,,,,,,,,,,,,,,,,,,,,,,,,,,,,,,,,,,,,,,,,,,,,,,,,,,,30133
134,Hôpital de Jour Universitaire la Clé,Boulevard de la Constitution 149,Liège,Wallonie,4020,,50.6461849,5.5918333,False,,,,,,,,,,,,,,,,,,,,,,,,,,,,,,,,,,,,,,,,,,,,,,,,,,,,,,,,,,,,,,,,,,,,,,,,,,,,,,,,30134
135,Hôpital de Jour Universitaire la Clé,Quai Godefroid Kurth 45,Liège,Wallonie,4020,,50.6461849,5.5918333,False,,,,,,,,,,,,,,,,,,,,,,,,,,,,,,,,,,,,,,,,,,,,,,,,,,,,,,,,,,,,,,,,,,,,,,,,,,,,,,,,30135
136,Hôpital de Lobbes,Rue de la Station 25,Lobbes,Wallonie,6540,,50.3454014,4.2607702,False,,,,,,,,,,,,,,,,,,,,,,,,,,,,,,,,,,,,,,,,,,,,,,,,,,,,,,,,,,,,,,,,,,,,,,,,,,,,,,,,30136
137,Hôpital de la Citadelle (CHR),,Liège,Wallonie,4000,,50.651778,5.5752134,False,,,,,,,,,,,,,,,,,,,,,,,,,,,,,,,,,,,,,,,,,,,,,,,,,,,,,,,,,,,,,,,,,,,,,,,,,,,,,,,,30137
138,Hôpital Érasme - Erasmusziekenhuis,Route de Lennik - Lennikse Baan 808,Anderlecht,,1070,,50.8133959,4.2634539,False,,,,,,,,,,,,,,,,,,,,,,,,,,,,,,,,,,,,,,,,,,,,,,,,,,,,,,,,,,,,,,,,,,,,,,,,,,,,,,,,30138
139,Imelda Ziekenhuis,Imeldalaan 9,Bonheiden,Vlaanderen,2820,+32 15 50 50 11,51.0190764,4.5574261,False,,,,,,,,,,,,,,,,,,,,,,,,,,,,,,,,,,,,,,,,,,,,,,,,,,,,,,,,,,,,,,,,,,,,,,,,,,,,,,,,30139
140,Instituut Tropische Geneeskunde Prins Leopold,,Antwerpen,Vlaanderen,2000,,51.2127312,4.3976104,False,,,,,,,,,,,,,,,,,,,,,,,,,,,,,,,,,,,,,,,,,,,,,,,,,,,,,,,,,,,,,,,,,,,,,,,,,,,,,,,,30140
141,Jan Yperman,"Oostlaan 11,11A,11B",Poperinge,Vlaanderen,8970,,50.8564425,2.7458794,False,,,,,,,,,,,,,,,,,,,,,,,,,,,,,,,,,,,,,,,,,,,,,,,,,,,,,,,,,,,,,,,,,,,,,,,,,,,,,,,,30141
142,Jessa,,Herk-de-Stad,Vlaanderen,3540,,50.9385043,5.1633259,False,,,,,,,,,,,,,,,,,,,,,,,,,,,,,,,,,,,,,,,,,,,,,,,,,,,,,,,,,,,,,,,,,,,,,,,,,,,,,,,,30142
143,"Jessa Ziekenhuis, campus Salvator",Salvatorstraat 20,Hasselt,Vlaanderen,3500,,50.9107885,5.3428991,False,,,,,,,,,,,,,,,,,,,,,,,,,,,,,,,,,,,,,,,,,,,,,,,,,,,,,,,,,,,,,,,,,,,,,,,,,,,,,,,,30143
144,"Jessa ziekenhuis, campus Virga Jesse",Stadsomvaart 11,Hasselt,Vlaanderen,3500,,50.9263446,5.3404338,False,,,,,,,,,,,,,,,,,,,,,,,,,,,,,,,,,,,,,,,,,,,,,,,,,,,,,,,,,,,,,,,,,,,,,,,,,,,,,,,,30144
145,Joseph Bracops,Rue Docteur Huet - Dokter Huetstraat 79,Anderlecht,Bruxelles,1070,,50.8345398,4.2919724,False,,,,,,,,,,,,,,,,,,,,,,,,,,,,,,,,,,,,,,,,,,,,,,,,,,,,,,,,,,,,,,,,,,,,,,,,,,,,,,,,30145
146,KARUS,Beukenlaan 21,Gent,Vlaanderen,9051,,51.0261239,3.6761414,False,,,,,,,,,,,,,,,,,,,,,,,,,,,,,,,,,,,,,,,,,,,,,,,,,,,,,,,,,,,,,,,,,,,,,,,,,,,,,,,,30146
147,Kliniek Sint Jozef,,Pittem,Vlaanderen,8740,,50.9852377,3.2502484,False,,,,,,,,,,,,,,,,,,,,,,,,,,,,,,,,,,,,,,,,,,,,,,,,,,,,,,,,,,,,,,,,,,,,,,,,,,,,,,,,30147
148,Klinik St Josef,Klosterstraße 9,Sankt-Vith,,4780,,50.2779515,6.1269273,False,,,,,,,,,,,,,,,,,,,,,,,,,,,,,,,,,,,,,,,,,,,,,,,,,,,,,,,,,,,,,,,,,,,,,,,,,,,,,,,,30148
149,Koningin Elisabeth Instituut,Fernand Dewittelaan 1,Koksijde,Vlaanderen,8670,,51.1401563,2.6948579,False,,,,,,,,,,,,,,,,,,,,,,,,,,,,,,,,,,,,,,,,,,,,,,,,,,,,,,,,,,,,,,,,,,,,,,,,,,,,,,,,30149
150,Koningin Paola Kinderziekenhuis,,Antwerpen,Vlaanderen,2020,,51.1809848,4.4212328,False,,,,,,,,,,,,,,,,,,,,,,,,,,,,,,,,,,,,,,,,,,,,,,,,,,,,,,,,,,,,,,,,,,,,,,,,,,,,,,,,30150
151,Le Domaine - Centre hospitalier,Rue Jean Lanneau 39,,Wallonie,,,50.6814332,4.3384547,False,,,,,,,,,,,,,,,,,,,,,,,,,,,,,,,,,,,,,,,,,,,,,,,,,,,,,,,,,,,,,,,,,,,,,,,,,,,,,,,,30151
152,Le Roseau Vert,Place du Roseau Vert 2,Honnelles,Wallonie,7387,,50.3782098,3.6655792,False,,,,,,,,,,,,,,,,,,,,,,,,,,,,,,,,,,,,,,,,,,,,,,,,,,,,,,,,,,,,,,,,,,,,,,,,,,,,,,,,30152
153,Le Tilleriau,,Soignies,Wallonie,7060,,50.5803221,4.0786544,False,,,,,,,,,,,,,,,,,,,,,,,,,,,,,,,,,,,,,,,,,,,,,,,,,,,,,,,,,,,,,,,,,,,,,,,,,,,,,,,,30153
154,Le Valdor,,Liège,Wallonie,4000,,50.6324595,5.5888608,False,,,,,,,,,,,,,,,,,,,,,,,,,,,,,,,,,,,,,,,,,,,,,,,,,,,,,,,,,,,,,,,,,,,,,,,,,,,,,,,,30154
155,Les Jours Heureux,,Dour,Wallonie,7370,,50.380579,3.8099563,False,,,,,,,,,,,,,,,,,,,,,,,,,,,,,,,,,,,,,,,,,,,,,,,,,,,,,,,,,,,,,,,,,,,,,,,,,,,,,,,,30155
156,MPI Heilig Hart,Leernsesteenweg 53,Deinze,Vlaanderen,9800,,50.9996782,3.5490629,False,,,,,,,,,,,,,,,,,,,,,,,,,,,,,,,,,,,,,,,,,,,,,,,,,,,,,,,,,,,,,,,,,,,,,,,,,,,,,,,,30156
157,MR,,Celles,Wallonie,7760,,50.7191082,3.455411,False,,,,,,,,,,,,,,,,,,,,,,,,,,,,,,,,,,,,,,,,,,,,,,,,,,,,,,,,,,,,,,,,,,,,,,,,,,,,,,,,30157
158,"MRS ""Bon Accueil""",,Dour,Wallonie,7370,,50.4012135,3.7636294,False,,,,,,,,,,,,,,,,,,,,,,,,,,,,,,,,,,,,,,,,,,,,,,,,,,,,,,,,,,,,,,,,,,,,,,,,,,,,,,,,30158
159,Maison de Repos / Résidence Caraman,,Boussu,Wallonie,7300,,50.4337701,3.7910058,False,,,,,,,,,,,,,,,,,,,,,,,,,,,,,,,,,,,,,,,,,,,,,,,,,,,,,,,,,,,,,,,,,,,,,,,,,,,,,,,,30159
160,Maison de repos,,Flobecq,Wallonie,7880,,50.7398259,3.7314737,False,,,,,,,,,,,,,,,,,,,,,,,,,,,,,,,,,,,,,,,,,,,,,,,,,,,,,,,,,,,,,,,,,,,,,,,,,,,,,,,,30160
161,Maison de retraite,,Estinnes,Wallonie,7120,,50.3540645,4.0585637,False,,,,,,,,,,,,,,,,,,,,,,,,,,,,,,,,,,,,,,,,,,,,,,,,,,,,,,,,,,,,,,,,,,,,,,,,,,,,,,,,30161
162,Mariaziekenhuis,Maesensveld 1,Pelt,Vlaanderen,3900,+32 11 82 60 00,51.211885,5.4164627,False,,,,,,,,,,,,,,,,,,,,,,,,,,,,,,,,,,,,,,,,,,,,,,,,,,,,,,,,,,,,,,,,,,,,,,,,,,,,,,,,30162
163,Medisch Centrum,Watermolenstraat nan,Brakel,Vlaanderen,9660,,50.8092559,3.7699439,False,,,,,,,,,,,,,,,,,,,,,,,,,,,,,,,,,,,,,,,,,,,,,,,,,,,,,,,,,,,,,,,,,,,,,,,,,,,,,,,,30163
164,Medisch Centrum Beringen,Hospitaalstraat 27,Beringen,Vlaanderen,3580,,51.0625052,5.2194085,False,,,,,,,,,,,,,,,,,,,,,,,,,,,,,,,,,,,,,,,,,,,,,,,,,,,,,,,,,,,,,,,,,,,,,,,,,,,,,,,,30164
165,OPZ Geel,Dr. Sanodreef 4,Geel,Vlaanderen,2440,,51.1543293,4.9793556,False,,,,,,,,,,,,,,,,,,,,,,,,,,,,,,,,,,,,,,,,,,,,,,,,,,,,,,,,,,,,,,,,,,,,,,,,,,,,,,,,30165
166,Onze Lieve Vrouw van Lourdes,,Waregem,Vlaanderen,8793,,50.8997563,3.4165815,False,,,,,,,,,,,,,,,,,,,,,,,,,,,,,,,,,,,,,,,,,,,,,,,,,,,,,,,,,,,,,,,,,,,,,,,,,,,,,,,,30166
167,Onze-Lieve-Vrouwziekenhuis,Moorselbaan 164,Aalst,Vlaanderen,9300,+32 53 72 41 11,50.9449054,4.0538357,False,,,,,,,,,,,,,,,,,,,,,,,,,,,,,,,,,,,,,,,,,,,,,,,,,,,,,,,,,,,,,,,,,,,,,,,,,,,,,,,,30167
168,Openbaar Psychiatrisch Zorgcentrum Rekem,,Maasmechelen,Vlaanderen,3630,,50.9370664,5.6638693,False,,,,,,,,,,,,,,,,,,,,,,,,,,,,,,,,,,,,,,,,,,,,,,,,,,,,,,,,,,,,,,,,,,,,,,,,,,,,,,,,30168
169,P,,Sint-Niklaas,Vlaanderen,9100,,51.1622231,4.1325908,False,,,,,,,,,,,,,,,,,,,,,,,,,,,,,,,,,,,,,,,,,,,,,,,,,,,,,,,,,,,,,,,,,,,,,,,,,,,,,,,,30169
170,PVT Waesdonck,,Mortsel,Vlaanderen,2640,,51.1809888,4.4583978,False,,,,,,,,,,,,,,,,,,,,,,,,,,,,,,,,,,,,,,,,,,,,,,,,,,,,,,,,,,,,,,,,,,,,,,,,,,,,,,,,30170
171,Polyclinique Universitaire d'Aywaille (CHU Liège),,Aywaille,Wallonie,4920,,50.47223,5.66768,False,,,,,,,,,,,,,,,,,,,,,,,,,,,,,,,,,,,,,,,,,,,,,,,,,,,,,,,,,,,,,,,,,,,,,,,,,,,,,,,,30171
172,Polyclinique de Nivelles,,Nivelles,Wallonie,1400,,50.5981285,4.3263155,False,,,,,,,,,,,,,,,,,,,,,,,,,,,,,,,,,,,,,,,,,,,,,,,,,,,,,,,,,,,,,,,,,,,,,,,,,,,,,,,,30172
173,Practimed  Campus Tessenderlo,Groenstraat 27,Tessenderlo,Vlaanderen,3980,+32 13 670 730,51.0715818,5.0959448,False,,,,,,,,,,,,,,,,,,,,,,,,,,,,,,,,,,,,,,,,,,,,,,,,,,,,,,,,,,,,,,,,,,,,,,,,,,,,,,,,30173
174,Psychiatrisch Centrum Dr. Guislain,Jozef Guislainstraat 43,Gent,Vlaanderen,9000,,51.0684817,3.7014746,False,,,,,,,,,,,,,,,,,,,,,,,,,,,,,,,,,,,,,,,,,,,,,,,,,,,,,,,,,,,,,,,,,,,,,,,,,,,,,,,,30174
175,Psychiatrisch Centrum Gent-Sleidinge,Weststraat 135,Evergem,Vlaanderen,9940,,51.1243086,3.6674259,False,,,,,,,,,,,,,,,,,,,,,,,,,,,,,,,,,,,,,,,,,,,,,,,,,,,,,,,,,,,,,,,,,,,,,,,,,,,,,,,,30175
176,Psychiatrisch Centrum Sint-Amandus,,Beernem,Vlaanderen,8730,,51.1182745,3.3218233,False,,,,,,,,,,,,,,,,,,,,,,,,,,,,,,,,,,,,,,,,,,,,,,,,,,,,,,,,,,,,,,,,,,,,,,,,,,,,,,,,30176
177,Psychiatrisch Centrum Zoete Nood Gods,,Lede,Vlaanderen,9340,,50.970133,3.9701491,False,,,,,,,,,,,,,,,,,,,,,,,,,,,,,,,,,,,,,,,,,,,,,,,,,,,,,,,,,,,,,,,,,,,,,,,,,,,,,,,,30177
178,Psychiatrisch Verzorgingstehuis (PVT) De Warande,Zwaluwlaan 62,Wachtebeke,Vlaanderen,9185,,51.1651485,3.8456009,False,,,,,,,,,,,,,,,,,,,,,,,,,,,,,,,,,,,,,,,,,,,,,,,,,,,,,,,,,,,,,,,,,,,,,,,,,,,,,,,,30178
179,Psychiatrisch Ziekenhuis Bethaniënhuis,,Zoersel,Vlaanderen,2980,,51.2723134,4.6384962,False,,,,,,,,,,,,,,,,,,,,,,,,,,,,,,,,,,,,,,,,,,,,,,,,,,,,,,,,,,,,,,,,,,,,,,,,,,,,,,,,30179
180,Psychiatrisch Ziekenhuis Heilig Hart,Poperingseweg 16,Ieper,Vlaanderen,8900,,50.8513736,2.8650963,False,,,,,,,,,,,,,,,,,,,,,,,,,,,,,,,,,,,,,,,,,,,,,,,,,,,,,,,,,,,,,,,,,,,,,,,,,,,,,,,,30180
181,Psychiatrisch Ziekenhuis Onze-Lieve-Vrouw,,Brugge,Vlaanderen,8000,,51.1944645,3.2089895,False,,,,,,,,,,,,,,,,,,,,,,,,,,,,,,,,,,,,,,,,,,,,,,,,,,,,,,,,,,,,,,,,,,,,,,,,,,,,,,,,30181
182,Psychiatrisch Ziekenhuis Sint-Alexius,,Grimbergen,Vlaanderen,1850,,50.9201404,4.3565407,False,,,,,,,,,,,,,,,,,,,,,,,,,,,,,,,,,,,,,,,,,,,,,,,,,,,,,,,,,,,,,,,,,,,,,,,,,,,,,,,,30182
183,Psychiatrisch Ziekenhuis Sint-Jan de Deo,Fratersplein 9,Gent,Vlaanderen,9000,,51.06453,3.7234324,False,,,,,,,,,,,,,,,,,,,,,,,,,,,,,,,,,,,,,,,,,,,,,,,,,,,,,,,,,,,,,,,,,,,,,,,,,,,,,,,,30183
184,Psychiatrisch Ziekenhuis Sint-Jan-Baptist,Suikerkaai 81,Zelzate,Vlaanderen,9060,,51.1872262,3.8036132,False,,,,,,,,,,,,,,,,,,,,,,,,,,,,,,,,,,,,,,,,,,,,,,,,,,,,,,,,,,,,,,,,,,,,,,,,,,,,,,,,30184
185,RVT Ter Meeren,Wolfshaegen 186,Huldenberg,Vlaanderen,3040,,50.8111325,4.6287413,False,,,,,,,,,,,,,,,,,,,,,,,,,,,,,,,,,,,,,,,,,,,,,,,,,,,,,,,,,,,,,,,,,,,,,,,,,,,,,,,,30185
186,Regionaal Ziekenhuis St-Trudo,Diestersteenweg 100,Sint-Truiden,Vlaanderen,3800,,50.8229838,5.1860694,False,,,,,,,,,,,,,,,,,,,,,,,,,,,,,,,,,,,,,,,,,,,,,,,,,,,,,,,,,,,,,,,,,,,,,,,,,,,,,,,,30186
187,Regionaal ziekenhuis Heilig Hart Leuven,Naamsestraat 105,Leuven,Vlaanderen,3000,,50.8717812,4.7019749,False,,,,,,,,,,,,,,,,,,,,,,,,,,,,,,,,,,,,,,,,,,,,,,,,,,,,,,,,,,,,,,,,,,,,,,,,,,,,,,,,30187
188,Revalidatiecentrum Preventorium Pulderbos,,Zandhoven,Vlaanderen,2240,,51.238595,4.7260269,False,,,,,,,,,,,,,,,,,,,,,,,,,,,,,,,,,,,,,,,,,,,,,,,,,,,,,,,,,,,,,,,,,,,,,,,,,,,,,,,,30188
189,Saint-Alfred (malades mentaux),,Soignies,Wallonie,7060,,50.5419714,4.0414794,False,,,,,,,,,,,,,,,,,,,,,,,,,,,,,,,,,,,,,,,,,,,,,,,,,,,,,,,,,,,,,,,,,,,,,,,,,,,,,,,,30189
190,Saint-Bernard (Psychiatrie),,Manage,Wallonie,7170,,50.4995684,4.2251623,False,,,,,,,,,,,,,,,,,,,,,,,,,,,,,,,,,,,,,,,,,,,,,,,,,,,,,,,,,,,,,,,,,,,,,,,,,,,,,,,,30190
191,Sanatorium du Basil,,Stoumont,Wallonie,4987,,50.4317462,5.8563009,False,,,,,,,,,,,,,,,,,,,,,,,,,,,,,,,,,,,,,,,,,,,,,,,,,,,,,,,,,,,,,,,,,,,,,,,,,,,,,,,,30191
192,Sankt Nikolaus Hospital,Hufengasse nan,Eupen,,4700,,50.6285861,6.0284753,False,,,,,,,,,,,,,,,,,,,,,,,,,,,,,,,,,,,,,,,,,,,,,,,,,,,,,,,,,,,,,,,,,,,,,,,,,,,,,,,,30192
193,Sint Elisabeth,Nederij 133,Herentals,Vlaanderen,2200,,51.185395,4.8360625,False,,,,,,,,,,,,,,,,,,,,,,,,,,,,,,,,,,,,,,,,,,,,,,,,,,,,,,,,,,,,,,,,,,,,,,,,,,,,,,,,30193
194,Sint Vincentius,,Deinze,Vlaanderen,9800,,50.985681,3.52805,False,,,,,,,,,,,,,,,,,,,,,,,,,,,,,,,,,,,,,,,,,,,,,,,,,,,,,,,,,,,,,,,,,,,,,,,,,,,,,,,,30194
195,Sint-Amedeus,Deurnestraat 252,Mortsel,Vlaanderen,2640,,51.1839648,4.4506704,False,,,,,,,,,,,,,,,,,,,,,,,,,,,,,,,,,,,,,,,,,,,,,,,,,,,,,,,,,,,,,,,,,,,,,,,,,,,,,,,,30195
196,Sint-Andriesziekenhuis,,Tielt,Vlaanderen,8700,,51.0026089,3.3213594,False,,,,,,,,,,,,,,,,,,,,,,,,,,,,,,,,,,,,,,,,,,,,,,,,,,,,,,,,,,,,,,,,,,,,,,,,,,,,,,,,30196
197,Sint-Augustinus (GZA),,Antwerpen,Vlaanderen,2610,,51.1750487,4.415881,False,,,,,,,,,,,,,,,,,,,,,,,,,,,,,,,,,,,,,,,,,,,,,,,,,,,,,,,,,,,,,,,,,,,,,,,,,,,,,,,,30197
198,Sint-Franciscus Xaverius-Ziekenhuis,Spaanse Loskaai 1,Brugge,Vlaanderen,8000,+32 50 47 04 70,51.2129836,3.2250538,False,,,,,,,,,,,,,,,,,,,,,,,,,,,,,,,,,,,,,,,,,,,,,,,,,,,,,,,,,,,,,,,,,,,,,,,,,,,,,,,,30198
199,Sint-Franciscus ziekenhuis,Pastoor Paquaylaan 129,Heusden-Zolder,Vlaanderen,3550,,51.0478431,5.3154042,False,,,,,,,,,,,,,,,,,,,,,,,,,,,,,,,,,,,,,,,,,,,,,,,,,,,,,,,,,,,,,,,,,,,,,,,,,,,,,,,,30199
200,Sint-Jozefkliniek,Kasteelstraat 23,Bornem,Vlaanderen,2880,,51.1000165,4.2314491,False,,,,,,,,,,,,,,,,,,,,,,,,,,,,,,,,,,,,,,,,,,,,,,,,,,,,,,,,,,,,,,,,,,,,,,,,,,,,,,,,30200
201,Sint-Maria Halle,Ziekenhuislaan 100,Halle,Vlaanderen,1500,+32 2 363 12 11,50.7363334,4.2283433,False,,,,,,,,,,,,,,,,,,,,,,,,,,,,,,,,,,,,,,,,,,,,,,,,,,,,,,,,,,,,,,,,,,,,,,,,,,,,,,,,30201
202,Sint-Vincentius (GZA),Sint-Vincentiusstraat 20,Antwerpen,Vlaanderen,2018,,51.205158,4.4133844,False,,,,,,,,,,,,,,,,,,,,,,,,,,,,,,,,,,,,,,,,,,,,,,,,,,,,,,,,,,,,,,,,,,,,,,,,,,,,,,,,30202
203,Ter Duinen,Louisweg 46,Nieuwpoort,Vlaanderen,8620,,51.1387428,2.7153148,False,,,,,,,,,,,,,,,,,,,,,,,,,,,,,,,,,,,,,,,,,,,,,,,,,,,,,,,,,,,,,,,,,,,,,,,,,,,,,,,,30203
204,UCLouvain Saint-Luc University Hospital,Avenue Hippocrate - Hippokrateslaan 10,Woluwé-Saint-Lambert,Bruxelles,1200,+32 2 764 11 11,50.852123,4.4510836,False,,,,,,,,,,,,,,,,,,,,,,,,,,,,,,,,,,,,,,,,,,,,,,,,,,,,,,,,,,,,,,,,,,,,,,,,,,,,,,,,30204
205,UPC Sint-Kamillus,Krijkelberg 1,Bierbeek,Vlaanderen,3360,,50.8558625,4.7469044,False,,,,,,,,,,,,,,,,,,,,,,,,,,,,,,,,,,,,,,,,,,,,,,,,,,,,,,,,,,,,,,,,,,,,,,,,,,,,,,,,30205
206,UZ Leuven - Campus Lubbeek,nan 2,Lubbeek,Vlaanderen,3210,,50.8816068,4.8442506,False,,,,,,,,,,,,,,,,,,,,,,,,,,,,,,,,,,,,,,,,,,,,,,,,,,,,,,,,,,,,,,,,,,,,,,,,,,,,,,,,30206
207,UZ Pellenberg,,Lubbeek,Vlaanderen,3210,,50.8608593,4.7984576,False,,,,,,,,,,,,,,,,,,,,,,,,,,,,,,,,,,,,,,,,,,,,,,,,,,,,,,,,,,,,,,,,,,,,,,,,,,,,,,,,30207
208,Universitair Ziekenhuis Gent,Corneel Heymanslaan 10,Gent,Vlaanderen,9000,,51.0256032,3.7285908,False,,,,,,,,,,,,,,,,,,,,,,,,,,,,,,,,,,,,,,,,,,,,,,,,,,,,,,,,,,,,,,,,,,,,,,,,,,,,,,,,30208
209,Urgences La Tourelle,Rue du Parc 29,Verviers,Wallonie,4800,,50.5819714,5.8574544,False,,,,,,,,,,,,,,,,,,,,,,,,,,,,,,,,,,,,,,,,,,,,,,,,,,,,,,,,,,,,,,,,,,,,,,,,,,,,,,,,30209
210,Vesalius Ziekenhuis,,Tongeren,Vlaanderen,3700,,50.7875193,5.4827837,False,,,,,,,,,,,,,,,,,,,,,,,,,,,,,,,,,,,,,,,,,,,,,,,,,,,,,,,,,,,,,,,,,,,,,,,,,,,,,,,,30210
211,Vivalia - Hopital Sainte-Therese,Chaussée d'Houffalize 1,Bastogne,Wallonie,6600,,50.011569,5.7223686,False,,,,,,,,,,,,,,,,,,,,,,,,,,,,,,,,,,,,,,,,,,,,,,,,,,,,,,,,,,,,,,,,,,,,,,,,,,,,,,,,30211
212,Vivalia Cup - Hôpital psychiatrique La Clairière,,Bertrix,Wallonie,6880,,49.8375734,5.2642578,False,,,,,,,,,,,,,,,,,,,,,,,,,,,,,,,,,,,,,,,,,,,,,,,,,,,,,,,,,,,,,,,,,,,,,,,,,,,,,,,,30212
213,WZC Blijvelde,,Kortemark,Vlaanderen,8610,,51.0318043,3.0395185,False,,,,,,,,,,,,,,,,,,,,,,,,,,,,,,,,,,,,,,,,,,,,,,,,,,,,,,,,,,,,,,,,,,,,,,,,,,,,,,,,30213
214,WZR De Dennen vzw,,Malle,Vlaanderen,2390,,51.2865307,4.6428987,False,,,,,,,,,,,,,,,,,,,,,,,,,,,,,,,,,,,,,,,,,,,,,,,,,,,,,,,,,,,,,,,,,,,,,,,,,,,,,,,,30214
215,ZNA Jan Palfijn,Lange Bremstraat 70,Antwerpen,Vlaanderen,2170,+32 3 640 21 11,51.25766,4.4491903,False,,,,,,,,,,,,,,,,,,,,,,,,,,,,,,,,,,,,,,,,,,,,,,,,,,,,,,,,,,,,,,,,,,,,,,,,,,,,,,,,30215
216,ZNA Middelheim,"Lindendreef 1,1A",Antwerpen,Vlaanderen,2020,,51.1827852,4.4204269,False,,,,,,,,,,,,,,,,,,,,,,,,,,,,,,,,,,,,,,,,,,,,,,,,,,,,,,,,,,,,,,,,,,,,,,,,,,,,,,,,30216
217,ZNA Sint-Elisabeth,Leopoldstraat 26,Antwerpen,Vlaanderen,2000,+32 3 234 41 11,51.2138381,4.4070948,False,,,,,,,,,,,,,,,,,,,,,,,,,,,,,,,,,,,,,,,,,,,,,,,,,,,,,,,,,,,,,,,,,,,,,,,,,,,,,,,,30217
218,ZNA Sint-Erasmus,,Antwerpen,Vlaanderen,2140,+32 3 270 80 11,51.2073443,4.4453451,False,,,,,,,,,,,,,,,,,,,,,,,,,,,,,,,,,,,,,,,,,,,,,,,,,,,,,,,,,,,,,,,,,,,,,,,,,,,,,,,,30218
219,ZNA Stuivenberg,Lange Beeldekensstraat 167,Antwerpen,Vlaanderen,2060,+32 3 217 71 11,51.2239867,4.4330401,False,,,,,,,,,,,,,,,,,,,,,,,,,,,,,,,,,,,,,,,,,,,,,,,,,,,,,,,,,,,,,,,,,,,,,,,,,,,,,,,,30219
220,ZOL Campus Sint-Jan,,Genk,Vlaanderen,3600,,50.9566342,5.516027,False,,,,,,,,,,,,,,,,,,,,,,,,,,,,,,,,,,,,,,,,,,,,,,,,,,,,,,,,,,,,,,,,,,,,,,,,,,,,,,,,30220
221,ZOL Ziekenhuis Oost Limburg Campus Sint-Barbara,Bessemerstraat 478,Lanaken,Vlaanderen,3620,,50.9096734,5.6262586,False,,,,,,,,,,,,,,,,,,,,,,,,,,,,,,,,,,,,,,,,,,,,,,,,,,,,,,,,,,,,,,,,,,,,,,,,,,,,,,,,30221
222,Zeepreventorium,Koninklijke Baan 5,De Haan,Vlaanderen,8420,,51.2707571,3.0190778,False,,,,,,,,,,,,,,,,,,,,,,,,,,,,,,,,,,,,,,,,,,,,,,,,,,,,,,,,,,,,,,,,,,,,,,,,,,,,,,,,30222
223,Ziekenhuis Inkendaal,,Sint-Pieters-Leeuw,Vlaanderen,1600,,50.8049228,4.2209572,False,,,,,,,,,,,,,,,,,,,,,,,,,,,,,,,,,,,,,,,,,,,,,,,,,,,,,,,,,,,,,,,,,,,,,,,,,,,,,,,,30223
224,A.M. Spaey,Jozef Eerdekensstraat 7,Leuven,Vlaanderen,3001,,50.8652806,4.7000642,False,,,,,,,,,,,,,,,,,,,,,,,,,,,,,,,,,,,,,,,,,,,,,,,,,,,,,,,,,,,,,,,,,,,,,,,,,,,,,,,,30224
225,Accords Santé ASBL,Rue Joseph Wauters 78,Hannut,Wallonie,4280,,50.6750331,5.0946532,False,,,,,,,,,,,,,,,,,,,,,,,,,,,,,,,,,,,,,,,,,,,,,,,,,,,,,,,,,,,,,,,,,,,,,,,,,,,,,,,,30225
226,Adams L.,Jozef Mattheessensstraat 26,Hove,Vlaanderen,2540,,51.1433967,4.4638228,False,,,,,,,,,,,,,,,,,,,,,,,,,,,,,,,,,,,,,,,,,,,,,,,,,,,,,,,,,,,,,,,,,,,,,,,,,,,,,,,,30226
227,Alexandre Czaplicki (Médecine générale),Avenue du Haut-Pays 97,Honnelles,Wallonie,7387,,50.3612365,3.7787828,False,,,,,,,,,,,,,,,,,,,,,,,,,,,,,,,,,,,,,,,,,,,,,,,,,,,,,,,,,,,,,,,,,,,,,,,,,,,,,,,,30227
228,Alexia Caulier,Rue de Mianoye 4,Yvoir,Wallonie,5530,,50.3377722,4.981378,False,,,,,,,,,,,,,,,,,,,,,,,,,,,,,,,,,,,,,,,,,,,,,,,,,,,,,,,,,,,,,,,,,,,,,,,,,,,,,,,,30228
229,Ama Vitam,Madrigaalstraat 1,Herentals,Vlaanderen,2200,,51.1767004,4.8226467,False,,,,,,,,,,,,,,,,,,,,,,,,,,,,,,,,,,,,,,,,,,,,,,,,,,,,,,,,,,,,,,,,,,,,,,,,,,,,,,,,30229
230,Artsenhuis De Linde,Markt 8,Langemark-Poelkapelle,Vlaanderen,8920,,50.9141437,2.9182359,False,,,,,,,,,,,,,,,,,,,,,,,,,,,,,,,,,,,,,,,,,,,,,,,,,,,,,,,,,,,,,,,,,,,,,,,,,,,,,,,,30230
231,Artsenhuis Egelantier,Zeebruggelaan 81,Blankenberge,Vlaanderen,8370,+32 50 41 48 77,51.30736,3.1458485,False,,,,,,,,,,,,,,,,,,,,,,,,,,,,,,,,,,,,,,,,,,,,,,,,,,,,,,,,,,,,,,,,,,,,,,,,,,,,,,,,30231
232,Artsenpraktijk Het park,'s Herenbaan 96,Rumst,Vlaanderen,2840,+32 3 888 83 73,51.1035136,4.381932,False,,,,,,,,,,,,,,,,,,,,,,,,,,,,,,,,,,,,,,,,,,,,,,,,,,,,,,,,,,,,,,,,,,,,,,,,,,,,,,,,30232
233,Aurélien Claes,Rue Isabelle Brunell 43,Assesse,Wallonie,5330,,50.3979376,4.9518242,False,,,,,,,,,,,,,,,,,,,,,,,,,,,,,,,,,,,,,,,,,,,,,,,,,,,,,,,,,,,,,,,,,,,,,,,,,,,,,,,,30233
234,Bart Hillewaere Huisarts,Bijlokstraat 134,Herent,Vlaanderen,3020,,50.9050953,4.6846587,False,,,,,,,,,,,,,,,,,,,,,,,,,,,,,,,,,,,,,,,,,,,,,,,,,,,,,,,,,,,,,,,,,,,,,,,,,,,,,,,,30234
235,Beirinckx - Verhelst,Mechelsesteenweg 85,Lier,Vlaanderen,2500,,51.1289981,4.5591865,False,,,,,,,,,,,,,,,,,,,,,,,,,,,,,,,,,,,,,,,,,,,,,,,,,,,,,,,,,,,,,,,,,,,,,,,,,,,,,,,,30235
236,Bury Véronique,Rue d'Omalius 20,Liège,Wallonie,4000,,50.6346614,5.5581005,False,,,,,,,,,,,,,,,,,,,,,,,,,,,,,,,,,,,,,,,,,,,,,,,,,,,,,,,,,,,,,,,,,,,,,,,,,,,,,,,,30236
237,Cabinet Médical du Perron,Place du Perron 16,Theux,Wallonie,4910,,50.5354792,5.8133559,False,,,,,,,,,,,,,,,,,,,,,,,,,,,,,,,,,,,,,,,,,,,,,,,,,,,,,,,,,,,,,,,,,,,,,,,,,,,,,,,,30237
238,Cabinet d'Ophtalmologie,Quai des Tanneries 26,Wavre,Wallonie,1300,+32 10 22 71 09,50.7129173,4.608906,False,,,,,,,,,,,,,,,,,,,,,,,,,,,,,,,,,,,,,,,,,,,,,,,,,,,,,,,,,,,,,,,,,,,,,,,,,,,,,,,,30238
239,Caroline De Boey,Beulk 56,Lille,Vlaanderen,2275,,51.2637969,4.78043,False,,,,,,,,,,,,,,,,,,,,,,,,,,,,,,,,,,,,,,,,,,,,,,,,,,,,,,,,,,,,,,,,,,,,,,,,,,,,,,,,30239
240,Centre Kinesithérapie,Rue d'Harnoncourt 49,Virton,Wallonie,6762,,49.5537742,5.5260967,False,,,,,,,,,,,,,,,,,,,,,,,,,,,,,,,,,,,,,,,,,,,,,,,,,,,,,,,,,,,,,,,,,,,,,,,,,,,,,,,,30240
241,Centre Médical de Aye,Rue des Jolis Bois 39,Marche-en-Famenne,Wallonie,6900,+32 84 32 22 01,50.2241648,5.2944369,False,,,,,,,,,,,,,,,,,,,,,,,,,,,,,,,,,,,,,,,,,,,,,,,,,,,,,,,,,,,,,,,,,,,,,,,,,,,,,,,,30241
242,Centre Médical de Braine-le-Château,Rue de la Station 13,Braine-le-Château,Wallonie,1440,+32 2 366 04 48,50.6817609,4.270041,False,,,,,,,,,,,,,,,,,,,,,,,,,,,,,,,,,,,,,,,,,,,,,,,,,,,,,,,,,,,,,,,,,,,,,,,,,,,,,,,,30242
243,Centre Médical de Hannut,,Hannut,Wallonie,4280,,50.6683609,5.0851152,False,,,,,,,,,,,,,,,,,,,,,,,,,,,,,,,,,,,,,,,,,,,,,,,,,,,,,,,,,,,,,,,,,,,,,,,,,,,,,,,,30243
244,Centre Médicalisé de Bra sur Lienne,Bierleux 69,Lierneux,Wallonie,4990,,50.3219895,5.7303568,False,,,,,,,,,,,,,,,,,,,,,,,,,,,,,,,,,,,,,,,,,,,,,,,,,,,,,,,,,,,,,,,,,,,,,,,,,,,,,,,,30244
245,Centre Médicis,,Sint-Pieters-Woluwe,,1150,,50.8367009,4.4159574,False,,,,,,,,,,,,,,,,,,,,,,,,,,,,,,,,,,,,,,,,,,,,,,,,,,,,,,,,,,,,,,,,,,,,,,,,,,,,,,,,30245
246,Centre d'Ophtalmologie,Avenue Nicolas Copernic 4,Mons,Wallonie,7000,,50.4582895,3.9277252,False,,,,,,,,,,,,,,,,,,,,,,,,,,,,,,,,,,,,,,,,,,,,,,,,,,,,,,,,,,,,,,,,,,,,,,,,,,,,,,,,30246
247,Centre de Santé Intégrée des Carrières,Rue Vieille Voie de Liège 1,Sprimont,Wallonie,4140,,50.5076931,5.6593869,False,,,,,,,,,,,,,,,,,,,,,,,,,,,,,,,,,,,,,,,,,,,,,,,,,,,,,,,,,,,,,,,,,,,,,,,,,,,,,,,,30247
248,Centre de Santé Intégrée des Carrières,Rue du Perréon 88,Sprimont,Wallonie,4141,,50.5298099,5.7179119,False,,,,,,,,,,,,,,,,,,,,,,,,,,,,,,,,,,,,,,,,,,,,,,,,,,,,,,,,,,,,,,,,,,,,,,,,,,,,,,,,30248
249,Centre de Santé Intégrée des Carrières,Rue Piretfontaine 15,Sprimont,Wallonie,4140,,50.5372526,5.6349426,False,,,,,,,,,,,,,,,,,,,,,,,,,,,,,,,,,,,,,,,,,,,,,,,,,,,,,,,,,,,,,,,,,,,,,,,,,,,,,,,,30249
250,Centre de Santé Intégrée des Carrières,Rue de l'Abèvrêye 23,Sprimont,Wallonie,4140,,50.4950415,5.6234637,False,,,,,,,,,,,,,,,,,,,,,,,,,,,,,,,,,,,,,,,,,,,,,,,,,,,,,,,,,,,,,,,,,,,,,,,,,,,,,,,,30250
251,"Centre de soins ( Ostéopathe, Pédicure )",Rue Arthur Mahaux 44,Namur,Wallonie,5021,+32 81 21 03 30,50.4957375,4.92725,False,,,,,,,,,,,,,,,,,,,,,,,,,,,,,,,,,,,,,,,,,,,,,,,,,,,,,,,,,,,,,,,,,,,,,,,,,,,,,,,,30251
252,Centre médical ophtalmologique et pédiatrique,Avenue des Sorbiers 32,Ath,Wallonie,7800,,50.6326599,3.7863117,False,,,,,,,,,,,,,,,,,,,,,,,,,,,,,,,,,,,,,,,,,,,,,,,,,,,,,,,,,,,,,,,,,,,,,,,,,,,,,,,,30252
253,Centrum voor Klassieke Homeopathie,Twaalf septemberstraat 19,Hechtel-Eksel,Vlaanderen,3940,+32 11 73 23 55,51.1274316,5.3658633,False,,,,,,,,,,,,,,,,,,,,,,,,,,,,,,,,,,,,,,,,,,,,,,,,,,,,,,,,,,,,,,,,,,,,,,,,,,,,,,,,30253
254,Christian Collys,Rue de la Procession 66,Enghien,Wallonie,7850,+3223956037,50.6908371,4.0845157,False,,,,,,,,,,,,,,,,,,,,,,,,,,,,,,,,,,,,,,,,,,,,,,,,,,,,,,,,,,,,,,,,,,,,,,,,,,,,,,,,30254
255,De Brug,Brugstraat 164,Brecht,Vlaanderen,2960,,51.3002028,4.5718293,False,,,,,,,,,,,,,,,,,,,,,,,,,,,,,,,,,,,,,,,,,,,,,,,,,,,,,,,,,,,,,,,,,,,,,,,,,,,,,,,,30255
256,De Deur,Sint-Alfonsusstraat 19,Roeselare,Vlaanderen,8800,,50.9457415,3.1274816,False,,,,,,,,,,,,,,,,,,,,,,,,,,,,,,,,,,,,,,,,,,,,,,,,,,,,,,,,,,,,,,,,,,,,,,,,,,,,,,,,30256
257,De Oude school,Kerkplein 27,Kortessem,Vlaanderen,3720,,50.859114,5.390561,False,,,,,,,,,,,,,,,,,,,,,,,,,,,,,,,,,,,,,,,,,,,,,,,,,,,,,,,,,,,,,,,,,,,,,,,,,,,,,,,,30257
258,De Ruyck Dirk,Mispelbilk 21,Gent,Vlaanderen,9030,,51.0858367,3.6891187,False,,,,,,,,,,,,,,,,,,,,,,,,,,,,,,,,,,,,,,,,,,,,,,,,,,,,,,,,,,,,,,,,,,,,,,,,,,,,,,,,30258
259,De Zorgpoort,Kerkplein 14-14B,Lommel,Vlaanderen,3920,+32 11 55 02 30,51.2281727,5.3136283,False,,,,,,,,,,,,,,,,,,,,,,,,,,,,,,,,,,,,,,,,,,,,,,,,,,,,,,,,,,,,,,,,,,,,,,,,,,,,,,,,30259
260,De kruin,Kruineikestraat 25,Haacht,Vlaanderen,3150,,50.9458848,4.6443816,False,,,,,,,,,,,,,,,,,,,,,,,,,,,,,,,,,,,,,,,,,,,,,,,,,,,,,,,,,,,,,,,,,,,,,,,,,,,,,,,,30260
261,Dermatologie Dr Bataille,,Hannut,Wallonie,4280,,50.6690719,5.0489508,False,,,,,,,,,,,,,,,,,,,,,,,,,,,,,,,,,,,,,,,,,,,,,,,,,,,,,,,,,,,,,,,,,,,,,,,,,,,,,,,,30261
262,Dermatologie@herent,Mechelsesteenweg 442,Herent,Vlaanderen,3020,,50.9058304,4.6705278,False,,,,,,,,,,,,,,,,,,,,,,,,,,,,,,,,,,,,,,,,,,,,,,,,,,,,,,,,,,,,,,,,,,,,,,,,,,,,,,,,30262
263,Dimanche,Rue Saint Remy 1,Walcourt,Wallonie,5650,,50.2610352,4.5072037,False,,,,,,,,,,,,,,,,,,,,,,,,,,,,,,,,,,,,,,,,,,,,,,,,,,,,,,,,,,,,,,,,,,,,,,,,,,,,,,,,30263
264,Docteur Demolin A.,Rue Henri Gouvart 11,Braine-le-Château,Wallonie,1440,+32 2 366 02 88,50.6898314,4.3094647,False,,,,,,,,,,,,,,,,,,,,,,,,,,,,,,,,,,,,,,,,,,,,,,,,,,,,,,,,,,,,,,,,,,,,,,,,,,,,,,,,30264
265,Docteur Deridder J-A,Rue de Mont-Saint-Pont 13,Braine-le-Château,Wallonie,1440,+32 2 366 19 18,50.6835211,4.2736656,False,,,,,,,,,,,,,,,,,,,,,,,,,,,,,,,,,,,,,,,,,,,,,,,,,,,,,,,,,,,,,,,,,,,,,,,,,,,,,,,,30265
266,Docteur F. Anthoine,Rue Bois Paris 14,Lasne,Wallonie,1380,,50.6868758,4.469332,False,,,,,,,,,,,,,,,,,,,,,,,,,,,,,,,,,,,,,,,,,,,,,,,,,,,,,,,,,,,,,,,,,,,,,,,,,,,,,,,,30266
267,Docteur Françis Marchant,Rue de Fernelmont 255,Namur,Wallonie,5000,,50.5040188,4.9144447,False,,,,,,,,,,,,,,,,,,,,,,,,,,,,,,,,,,,,,,,,,,,,,,,,,,,,,,,,,,,,,,,,,,,,,,,,,,,,,,,,30267
268,Docteur Manuel Motte,Rue de Snaye 1,Beauraing,Wallonie,5574,,50.098859,5.0086202,False,,,,,,,,,,,,,,,,,,,,,,,,,,,,,,,,,,,,,,,,,,,,,,,,,,,,,,,,,,,,,,,,,,,,,,,,,,,,,,,,30268
269,Docteur Nicolo Virginia,,Mons,Wallonie,7011,,50.4809969,3.9049019,False,,,,,,,,,,,,,,,,,,,,,,,,,,,,,,,,,,,,,,,,,,,,,,,,,,,,,,,,,,,,,,,,,,,,,,,,,,,,,,,,30269
270,Docteur Pierre Masoin,Route de Bastogne 5,Rambrouch,,8832,,49.8331502,5.7400132,False,,,,,,,,,,,,,,,,,,,,,,,,,,,,,,,,,,,,,,,,,,,,,,,,,,,,,,,,,,,,,,,,,,,,,,,,,,,,,,,,30270
271,Docteur Pierson Thierry,Quartier de la Brasserie 33,Beauraing,Wallonie,5570,,50.0990668,4.8920213,False,,,,,,,,,,,,,,,,,,,,,,,,,,,,,,,,,,,,,,,,,,,,,,,,,,,,,,,,,,,,,,,,,,,,,,,,,,,,,,,,30271
272,Docteur Tamigniau L.,Rue de Nivelles 24,Braine-le-Château,Wallonie,1440,+32 2 366 10 91,50.6808803,4.273347,False,,,,,,,,,,,,,,,,,,,,,,,,,,,,,,,,,,,,,,,,,,,,,,,,,,,,,,,,,,,,,,,,,,,,,,,,,,,,,,,,30272
273,Docteur Valérie Blavier (Pédiatre),Avenue Joseph Wauters 24,Esneux,Wallonie,4130,+32 487 255 866,50.5679456,5.5826381,False,,,,,,,,,,,,,,,,,,,,,,,,,,,,,,,,,,,,,,,,,,,,,,,,,,,,,,,,,,,,,,,,,,,,,,,,,,,,,,,,30273
274,Docteur Zygrajch S.,Rue Cour au Bois 6B,Braine-le-Château,Wallonie,1440,+32 2 366 22 13,50.684835,4.2937042,False,,,,,,,,,,,,,,,,,,,,,,,,,,,,,,,,,,,,,,,,,,,,,,,,,,,,,,,,,,,,,,,,,,,,,,,,,,,,,,,,30274
275,Dokter,,Houthulst,Vlaanderen,8650,,50.9530275,2.8519021,False,,,,,,,,,,,,,,,,,,,,,,,,,,,,,,,,,,,,,,,,,,,,,,,,,,,,,,,,,,,,,,,,,,,,,,,,,,,,,,,,30275
276,Dokter,Stationsstraat 29,Houthulst,Vlaanderen,8650,,50.9542786,2.8557685,False,,,,,,,,,,,,,,,,,,,,,,,,,,,,,,,,,,,,,,,,,,,,,,,,,,,,,,,,,,,,,,,,,,,,,,,,,,,,,,,,30276
277,Dokter Coussement,Hoogstraat 65,Roeselare,Vlaanderen,8800,,50.931559,3.1491889,False,,,,,,,,,,,,,,,,,,,,,,,,,,,,,,,,,,,,,,,,,,,,,,,,,,,,,,,,,,,,,,,,,,,,,,,,,,,,,,,,30277
278,Dokter Ellen Peeters,Zandstraat 65,Brecht,Vlaanderen,2960,+31 4 68 49 15 48,51.2920409,4.5624405,False,,,,,,,,,,,,,,,,,,,,,,,,,,,,,,,,,,,,,,,,,,,,,,,,,,,,,,,,,,,,,,,,,,,,,,,,,,,,,,,,30278
279,Dokter Maurissen Chris,Ristenstraat 31,Herenthout,Vlaanderen,2270,+32 (0)14 51 61 77,51.1441476,4.7567182,False,,,,,,,,,,,,,,,,,,,,,,,,,,,,,,,,,,,,,,,,,,,,,,,,,,,,,,,,,,,,,,,,,,,,,,,,,,,,,,,,30279
280,Dokters aan de Mandel,Mandellaan 73,Roeselare,Vlaanderen,8800,,50.9561682,3.1339872,False,,,,,,,,,,,,,,,,,,,,,,,,,,,,,,,,,,,,,,,,,,,,,,,,,,,,,,,,,,,,,,,,,,,,,,,,,,,,,,,,30280
281,Dokterspraktijk De Nieuwstraat,Nieuwstraat 7,Kortemark,Vlaanderen,8610,,51.0275915,3.044235,False,,,,,,,,,,,,,,,,,,,,,,,,,,,,,,,,,,,,,,,,,,,,,,,,,,,,,,,,,,,,,,,,,,,,,,,,,,,,,,,,30281
282,Dokterspraktijk Johan Poncelet,Sint-Lambrechts-Herkstraat 100,Hasselt,Vlaanderen,3500,+32 11 31 67 10,50.907182,5.3041381,False,,,,,,,,,,,,,,,,,,,,,,,,,,,,,,,,,,,,,,,,,,,,,,,,,,,,,,,,,,,,,,,,,,,,,,,,,,,,,,,,30282
283,Dokterspraktijk Smits Veerle,Plezantstraat 11-13,Hamme,Vlaanderen,9220,,51.0969733,4.1365532,False,,,,,,,,,,,,,,,,,,,,,,,,,,,,,,,,,,,,,,,,,,,,,,,,,,,,,,,,,,,,,,,,,,,,,,,,,,,,,,,,30283
284,Dorsimont Camille,Chaussée de Tongres 203,Amay,Wallonie,4540,,50.5528962,5.3067641,False,,,,,,,,,,,,,,,,,,,,,,,,,,,,,,,,,,,,,,,,,,,,,,,,,,,,,,,,,,,,,,,,,,,,,,,,,,,,,,,,30284
285,Dr CERFONTAINE Michel,Rue des prés 134,Liège,Wallonie,4020,,50.6677161,5.656161,False,,,,,,,,,,,,,,,,,,,,,,,,,,,,,,,,,,,,,,,,,,,,,,,,,,,,,,,,,,,,,,,,,,,,,,,,,,,,,,,,30285
286,Dr Devos,Desselgem-Dries 61,Waregem,Vlaanderen,8792,,50.884137,3.3604639,False,,,,,,,,,,,,,,,,,,,,,,,,,,,,,,,,,,,,,,,,,,,,,,,,,,,,,,,,,,,,,,,,,,,,,,,,,,,,,,,,30286
287,Dr Dupuis,Place Albert Ier 19,La Bruyère,Wallonie,5081,+32 81 56 06 88,50.53438,4.7828843,False,,,,,,,,,,,,,,,,,,,,,,,,,,,,,,,,,,,,,,,,,,,,,,,,,,,,,,,,,,,,,,,,,,,,,,,,,,,,,,,,30287
288,Dr Gilson Philippe,Rue de Visé 651,Liège,Wallonie,4020,,50.6690358,5.6600497,False,,,,,,,,,,,,,,,,,,,,,,,,,,,,,,,,,,,,,,,,,,,,,,,,,,,,,,,,,,,,,,,,,,,,,,,,,,,,,,,,30288
289,Dr J. Lambert,Rue de Beauffaux 13,La Bruyère,Wallonie,5081,+32 81 56 64 27,50.5360347,4.779953,False,,,,,,,,,,,,,,,,,,,,,,,,,,,,,,,,,,,,,,,,,,,,,,,,,,,,,,,,,,,,,,,,,,,,,,,,,,,,,,,,30289
290,Dr Libois,Rue de Gozée 556,Montigny-le-Tilleul,Wallonie,6110,+32 71 51 72 53,50.3701236,4.3643633,False,,,,,,,,,,,,,,,,,,,,,,,,,,,,,,,,,,,,,,,,,,,,,,,,,,,,,,,,,,,,,,,,,,,,,,,,,,,,,,,,30290
291,Dr Michelle Jammaer,Rue du Ponçay 20,Liège,Wallonie,4020,,50.6411047,5.5945299,False,,,,,,,,,,,,,,,,,,,,,,,,,,,,,,,,,,,,,,,,,,,,,,,,,,,,,,,,,,,,,,,,,,,,,,,,,,,,,,,,30291
292,Dr P. Jossart,Rue de la Damejelle 23,Floreffe,Wallonie,5150,+32 81 44 17 93,50.4167552,4.756112,False,,,,,,,,,,,,,,,,,,,,,,,,,,,,,,,,,,,,,,,,,,,,,,,,,,,,,,,,,,,,,,,,,,,,,,,,,,,,,,,,30292
293,Dr Pierre Bruwier,,Silly,Wallonie,7830,,50.6429831,3.9192732,False,,,,,,,,,,,,,,,,,,,,,,,,,,,,,,,,,,,,,,,,,,,,,,,,,,,,,,,,,,,,,,,,,,,,,,,,,,,,,,,,30293
294,Dr Puissant,,Hamoir,Wallonie,4180,,50.4244453,5.5351681,False,,,,,,,,,,,,,,,,,,,,,,,,,,,,,,,,,,,,,,,,,,,,,,,,,,,,,,,,,,,,,,,,,,,,,,,,,,,,,,,,30294
295,Dr V. Baugnet,rue Armand Guerlache 33,Ramillies,Wallonie,1367,+32 81 877726,50.6625588,4.9232406,False,,,,,,,,,,,,,,,,,,,,,,,,,,,,,,,,,,,,,,,,,,,,,,,,,,,,,,,,,,,,,,,,,,,,,,,,,,,,,,,,30295
296,Dr. Amandine Schellen,Rue Bassidaine 11,Viroinval,Wallonie,5670,,50.075043,4.5478293,False,,,,,,,,,,,,,,,,,,,,,,,,,,,,,,,,,,,,,,,,,,,,,,,,,,,,,,,,,,,,,,,,,,,,,,,,,,,,,,,,30296
297,Dr. Bart Du Chau,Sterrestraat 35,Tielt,Vlaanderen,8700,,50.9943374,3.4177315,False,,,,,,,,,,,,,,,,,,,,,,,,,,,,,,,,,,,,,,,,,,,,,,,,,,,,,,,,,,,,,,,,,,,,,,,,,,,,,,,,30297
298,Dr. Beysens B.,Burgemeester Lemmensstraat 51,Hamme,Vlaanderen,9220,,51.0653828,4.1547961,False,,,,,,,,,,,,,,,,,,,,,,,,,,,,,,,,,,,,,,,,,,,,,,,,,,,,,,,,,,,,,,,,,,,,,,,,,,,,,,,,30298
299,Dr. Dingens,Sint-Pieterskerklaan 3,Brugge,Vlaanderen,8000,+32 50 31 01 77,51.2302673,3.2075731,False,,,,,,,,,,,,,,,,,,,,,,,,,,,,,,,,,,,,,,,,,,,,,,,,,,,,,,,,,,,,,,,,,,,,,,,,,,,,,,,,30299
300,Dr. Hendrickx - Dr- Govaerts,Emiel van Roeystraat 4,Rijkevorsel,Vlaanderen,2310,,51.3479412,4.7598892,False,,,,,,,,,,,,,,,,,,,,,,,,,,,,,,,,,,,,,,,,,,,,,,,,,,,,,,,,,,,,,,,,,,,,,,,,,,,,,,,,30300
301,Dr. Huyberechts Sabine,Lodorp 64B,Aalter,Vlaanderen,9880,,51.049584,3.4602998,False,,,,,,,,,,,,,,,,,,,,,,,,,,,,,,,,,,,,,,,,,,,,,,,,,,,,,,,,,,,,,,,,,,,,,,,,,,,,,,,,30301
302,Dr. Jacobs,Molenzijde 24,Merksplas,Vlaanderen,2330,,51.3596305,4.8512604,False,,,,,,,,,,,,,,,,,,,,,,,,,,,,,,,,,,,,,,,,,,,,,,,,,,,,,,,,,,,,,,,,,,,,,,,,,,,,,,,,30302
303,Dr. K. Joostens,Loystraat 163,Hamme,Vlaanderen,9220,,51.0934799,4.1421443,False,,,,,,,,,,,,,,,,,,,,,,,,,,,,,,,,,,,,,,,,,,,,,,,,,,,,,,,,,,,,,,,,,,,,,,,,,,,,,,,,30303
304,Dr. Karin Van Den Bulcke,Roeselarestraat 39,Staden,Vlaanderen,8840,+32 51 24 48 25,50.9412163,3.0622555,False,,,,,,,,,,,,,,,,,,,,,,,,,,,,,,,,,,,,,,,,,,,,,,,,,,,,,,,,,,,,,,,,,,,,,,,,,,,,,,,,30304
305,Dr. Koshraveshan,Hoogstraat 42,Putte,Vlaanderen,2580,,51.0580766,4.667236,False,,,,,,,,,,,,,,,,,,,,,,,,,,,,,,,,,,,,,,,,,,,,,,,,,,,,,,,,,,,,,,,,,,,,,,,,,,,,,,,,30305
306,Dr. Kristel Van Craenenbroeck,Windmolenstraat 4,Zemst,Vlaanderen,1980,,50.9697179,4.4539277,False,,,,,,,,,,,,,,,,,,,,,,,,,,,,,,,,,,,,,,,,,,,,,,,,,,,,,,,,,,,,,,,,,,,,,,,,,,,,,,,,30306
307,Dr. Mertens,Jan De Cordesstr. 30,Putte,Vlaanderen,2580,,51.0587295,4.6688827,False,,,,,,,,,,,,,,,,,,,,,,,,,,,,,,,,,,,,,,,,,,,,,,,,,,,,,,,,,,,,,,,,,,,,,,,,,,,,,,,,30307
308,Dr. Naudts Stijn,Loystraat 104-106,Hamme,Vlaanderen,9220,,51.0939406,4.1428273,False,,,,,,,,,,,,,,,,,,,,,,,,,,,,,,,,,,,,,,,,,,,,,,,,,,,,,,,,,,,,,,,,,,,,,,,,,,,,,,,,30308
309,Dr. Stephan Vlaminck,Baron Joseph Ryelandtstraat 1,Brugge,Vlaanderen,8000,+32 50 31 41 94,51.2144006,3.2095163,False,,,,,,,,,,,,,,,,,,,,,,,,,,,,,,,,,,,,,,,,,,,,,,,,,,,,,,,,,,,,,,,,,,,,,,,,,,,,,,,,30309
310,Dr. Steven Van den Noortgate,Kruishofstraat 217,Antwerpen,Vlaanderen,2610,,51.1835348,4.3944632,False,,,,,,,,,,,,,,,,,,,,,,,,,,,,,,,,,,,,,,,,,,,,,,,,,,,,,,,,,,,,,,,,,,,,,,,,,,,,,,,,30310
311,Eddy De Prins,Armand Segerslei 93,Mortsel,Vlaanderen,2640,,51.1696374,4.4444186,False,,,,,,,,,,,,,,,,,,,,,,,,,,,,,,,,,,,,,,,,,,,,,,,,,,,,,,,,,,,,,,,,,,,,,,,,,,,,,,,,30311
312,Espace Médecine Spécialisée,Avenue des Combattants 19,Jodoigne,Wallonie,1370,,50.7237604,4.8695574,False,,,,,,,,,,,,,,,,,,,,,,,,,,,,,,,,,,,,,,,,,,,,,,,,,,,,,,,,,,,,,,,,,,,,,,,,,,,,,,,,30312
313,F. Van De Wing,Rumbeeksesteenweg 17-19,Roeselare,Vlaanderen,8800,,50.9410687,3.1255047,False,,,,,,,,,,,,,,,,,,,,,,,,,,,,,,,,,,,,,,,,,,,,,,,,,,,,,,,,,,,,,,,,,,,,,,,,,,,,,,,,30313
314,Franck Bronckart,Rue de Néringotte 26A,Ciney,Wallonie,5590,+32 83 668075,50.2461607,5.1870566,False,,,,,,,,,,,,,,,,,,,,,,,,,,,,,,,,,,,,,,,,,,,,,,,,,,,,,,,,,,,,,,,,,,,,,,,,,,,,,,,,30314
315,G. Veys,Ter Tommenstraat 2,Edegem,Vlaanderen,2650,,51.1636002,4.4266452,False,,,,,,,,,,,,,,,,,,,,,,,,,,,,,,,,,,,,,,,,,,,,,,,,,,,,,,,,,,,,,,,,,,,,,,,,,,,,,,,,30315
316,Gezondheidscentrum ALPE,nan 494,Herent,Vlaanderen,3020,,50.9072529,4.6683258,False,,,,,,,,,,,,,,,,,,,,,,,,,,,,,,,,,,,,,,,,,,,,,,,,,,,,,,,,,,,,,,,,,,,,,,,,,,,,,,,,30316
317,Groepsparktijk Hoogveldweg,Hoogveldweg 6,Leuven,Vlaanderen,3012,,50.9270432,4.7195386,False,,,,,,,,,,,,,,,,,,,,,,,,,,,,,,,,,,,,,,,,,,,,,,,,,,,,,,,,,,,,,,,,,,,,,,,,,,,,,,,,30317
318,Groepspraktijk,Mortselsesteenweg 204,Hove,Vlaanderen,2540,,51.1614795,4.4708672,False,,,,,,,,,,,,,,,,,,,,,,,,,,,,,,,,,,,,,,,,,,,,,,,,,,,,,,,,,,,,,,,,,,,,,,,,,,,,,,,,30318
319,Groepspraktijk DE FLINT,Frederik Lintsstraat 154,Leuven,Vlaanderen,3000,+32 16 23 36 20,50.8708893,4.7069854,False,,,,,,,,,,,,,,,,,,,,,,,,,,,,,,,,,,,,,,,,,,,,,,,,,,,,,,,,,,,,,,,,,,,,,,,,,,,,,,,,30319
320,Groepspraktijk De Bron,Driesstraat 43,Meise,Vlaanderen,1861,,50.9540791,4.3037101,False,,,,,,,,,,,,,,,,,,,,,,,,,,,,,,,,,,,,,,,,,,,,,,,,,,,,,,,,,,,,,,,,,,,,,,,,,,,,,,,,30320
321,Groepspraktijk De Dam,Oenselstraat 6,Maasmechelen,Vlaanderen,3630,,50.9633583,5.7017057,False,,,,,,,,,,,,,,,,,,,,,,,,,,,,,,,,,,,,,,,,,,,,,,,,,,,,,,,,,,,,,,,,,,,,,,,,,,,,,,,,30321
322,Groepspraktijk Het Pleintje,Pleinstraat 45,Heist-op-den-Berg,Vlaanderen,2221,+32 15 22 56 76,51.0498857,4.7707398,False,,,,,,,,,,,,,,,,,,,,,,,,,,,,,,,,,,,,,,,,,,,,,,,,,,,,,,,,,,,,,,,,,,,,,,,,,,,,,,,,30322
323,Groepspraktijk Nieuwelaan,Nieuwelaan 152,Meise,Vlaanderen,1860,,50.9397037,4.3252985,False,,,,,,,,,,,,,,,,,,,,,,,,,,,,,,,,,,,,,,,,,,,,,,,,,,,,,,,,,,,,,,,,,,,,,,,,,,,,,,,,30323
324,Haardstee,Acht Eeuwenlaan 51,Edegem,Vlaanderen,2650,,51.1537586,4.4345564,False,,,,,,,,,,,,,,,,,,,,,,,,,,,,,,,,,,,,,,,,,,,,,,,,,,,,,,,,,,,,,,,,,,,,,,,,,,,,,,,,30324
325,Halen Monique,Rue de Fexhe-Slins 13,Oupeye,Wallonie,4680,,50.707588,5.6189101,False,,,,,,,,,,,,,,,,,,,,,,,,,,,,,,,,,,,,,,,,,,,,,,,,,,,,,,,,,,,,,,,,,,,,,,,,,,,,,,,,30325
326,Harroy J,Rue Comhaire 39,Liège,Wallonie,4000,,50.6310727,5.5547508,False,,,,,,,,,,,,,,,,,,,,,,,,,,,,,,,,,,,,,,,,,,,,,,,,,,,,,,,,,,,,,,,,,,,,,,,,,,,,,,,,30326
327,Hauspy Frank,Eeklostraat 182,Gent,Vlaanderen,9030,,51.0779744,3.6909754,False,,,,,,,,,,,,,,,,,,,,,,,,,,,,,,,,,,,,,,,,,,,,,,,,,,,,,,,,,,,,,,,,,,,,,,,,,,,,,,,,30327
328,Heeren L.,Naamsesteenweg 101,Leuven,Vlaanderen,3001,+32 16 22 12 32,50.8657329,4.6961527,False,,,,,,,,,,,,,,,,,,,,,,,,,,,,,,,,,,,,,,,,,,,,,,,,,,,,,,,,,,,,,,,,,,,,,,,,,,,,,,,,30328
329,Huisarts,Bieststraat 221,Boortmeerbeek,Vlaanderen,3191,,50.9804816,4.5305927,False,,,,,,,,,,,,,,,,,,,,,,,,,,,,,,,,,,,,,,,,,,,,,,,,,,,,,,,,,,,,,,,,,,,,,,,,,,,,,,,,30329
330,Huisarts Heleen De Brabandere,Sleihagestraat 33,Staden,Vlaanderen,8840,+32 51 22 10 14,50.9426512,3.0593269,False,,,,,,,,,,,,,,,,,,,,,,,,,,,,,,,,,,,,,,,,,,,,,,,,,,,,,,,,,,,,,,,,,,,,,,,,,,,,,,,,30330
331,Huisartsen Corne,Menenstraat 301,Wevelgem,Vlaanderen,8560,+32 56 40 09 25,50.8036585,3.162862,False,,,,,,,,,,,,,,,,,,,,,,,,,,,,,,,,,,,,,,,,,,,,,,,,,,,,,,,,,,,,,,,,,,,,,,,,,,,,,,,,30331
332,Huisartsenhuis W-Vlaanderen,Hippoliet Spilleboutdreef 34,Roeselare,Vlaanderen,8800,,50.9377018,3.1234095,False,,,,,,,,,,,,,,,,,,,,,,,,,,,,,,,,,,,,,,,,,,,,,,,,,,,,,,,,,,,,,,,,,,,,,,,,,,,,,,,,30332
333,Huisartsenpraktijk,Stationsstraat 43,Beringen,Vlaanderen,3581,,51.0731188,5.2227886,False,,,,,,,,,,,,,,,,,,,,,,,,,,,,,,,,,,,,,,,,,,,,,,,,,,,,,,,,,,,,,,,,,,,,,,,,,,,,,,,,30333
334,Huisartsenpraktijk 'Den Boomgaard',Boomgaardstraat 13,Aalter,Vlaanderen,9880,,51.0851569,3.44929,False,,,,,,,,,,,,,,,,,,,,,,,,,,,,,,,,,,,,,,,,,,,,,,,,,,,,,,,,,,,,,,,,,,,,,,,,,,,,,,,,30334
335,Huisartsenpraktijk Carlier-Schreurs-Ernens-Verbruggen,Thonissenlaan 92,Hasselt,Vlaanderen,3500,,50.9342672,5.3364047,False,,,,,,,,,,,,,,,,,,,,,,,,,,,,,,,,,,,,,,,,,,,,,,,,,,,,,,,,,,,,,,,,,,,,,,,,,,,,,,,,30335
336,Huisartsenpraktijk De Zilverberg,Karabiniersstraat 32,Roeselare,Vlaanderen,8800,,50.9205698,3.1135093,False,,,,,,,,,,,,,,,,,,,,,,,,,,,,,,,,,,,,,,,,,,,,,,,,,,,,,,,,,,,,,,,,,,,,,,,,,,,,,,,,30336
337,Huisartsenpraktijk Deben - Thumas - De Bondt,Mechelsestraat 194,Leuven,Vlaanderen,3000,,50.886831,4.6968251,False,,,,,,,,,,,,,,,,,,,,,,,,,,,,,,,,,,,,,,,,,,,,,,,,,,,,,,,,,,,,,,,,,,,,,,,,,,,,,,,,30337
338,Huisartsenpraktijk Kumtich,Leuvenselaan 797,Tienen,Vlaanderen,3300,,50.8235601,4.8880752,False,,,,,,,,,,,,,,,,,,,,,,,,,,,,,,,,,,,,,,,,,,,,,,,,,,,,,,,,,,,,,,,,,,,,,,,,,,,,,,,,30338
339,Huisartsenpraktijk Molenbeersel,Oudekerkstraat 8/2,Kinrooi,Vlaanderen,3640,,51.1694601,5.7356637,False,,,,,,,,,,,,,,,,,,,,,,,,,,,,,,,,,,,,,,,,,,,,,,,,,,,,,,,,,,,,,,,,,,,,,,,,,,,,,,,,30339
340,Huisartsenpraktijk Netevallei,Broekstraat 17,Balen,Vlaanderen,2491,+32 14 89 44 45,51.143205,5.1530613,False,,,,,,,,,,,,,,,,,,,,,,,,,,,,,,,,,,,,,,,,,,,,,,,,,,,,,,,,,,,,,,,,,,,,,,,,,,,,,,,,30340
341,Huisartsenpraktijk Pastorie Roosbeek,Lubbeeksestraat 13,Boutersem,Vlaanderen,3370,,50.8332559,4.8623467,False,,,,,,,,,,,,,,,,,,,,,,,,,,,,,,,,,,,,,,,,,,,,,,,,,,,,,,,,,,,,,,,,,,,,,,,,,,,,,,,,30341
342,Huisartsenpraktijk Ruggeveld,August Van de Wielelei 83,Antwerpen,Vlaanderen,2100,,51.2194501,4.4791214,False,,,,,,,,,,,,,,,,,,,,,,,,,,,,,,,,,,,,,,,,,,,,,,,,,,,,,,,,,,,,,,,,,,,,,,,,,,,,,,,,30342
343,Huisartsenpraktijk Sint-Joris-Weert,Overwegstraat 14,Oud-Heverlee,Vlaanderen,3051,+32 16 47 17 33,50.8054585,4.6494266,False,,,,,,,,,,,,,,,,,,,,,,,,,,,,,,,,,,,,,,,,,,,,,,,,,,,,,,,,,,,,,,,,,,,,,,,,,,,,,,,,30343
344,Huisartsenpraktijk Verbeke,Groene Wandeling 24A,Waregem,Vlaanderen,8793,+32 56 60 78 77,50.8880635,3.4128342,False,,,,,,,,,,,,,,,,,,,,,,,,,,,,,,,,,,,,,,,,,,,,,,,,,,,,,,,,,,,,,,,,,,,,,,,,,,,,,,,,30344
345,Huisartsenwachtpost N16 (nieuw),,Puurs-Sint-Amands,Vlaanderen,2870,,51.0776256,4.2970768,False,,,,,,,,,,,,,,,,,,,,,,,,,,,,,,,,,,,,,,,,,,,,,,,,,,,,,,,,,,,,,,,,,,,,,,,,,,,,,,,,30345
346,Ioana Paler,Place du Perron 33,Theux,Wallonie,4910,,50.5355527,5.8127901,False,,,,,,,,,,,,,,,,,,,,,,,,,,,,,,,,,,,,,,,,,,,,,,,,,,,,,,,,,,,,,,,,,,,,,,,,,,,,,,,,30346
347,J. Swannet,Sint-Amandsstraat 40,Roeselare,Vlaanderen,8800,,50.9481994,3.1231696,False,,,,,,,,,,,,,,,,,,,,,,,,,,,,,,,,,,,,,,,,,,,,,,,,,,,,,,,,,,,,,,,,,,,,,,,,,,,,,,,,30347
348,Jackers Dominique,Rue de Milmort 15,Oupeye,Wallonie,4680,,50.7074272,5.6185519,False,,,,,,,,,,,,,,,,,,,,,,,,,,,,,,,,,,,,,,,,,,,,,,,,,,,,,,,,,,,,,,,,,,,,,,,,,,,,,,,,30348
349,Jan Dominicus,Grote Heide 57,Pelt,Vlaanderen,3910,,51.2511051,5.439671,False,,,,,,,,,,,,,,,,,,,,,,,,,,,,,,,,,,,,,,,,,,,,,,,,,,,,,,,,,,,,,,,,,,,,,,,,,,,,,,,,30349
350,Jan Reniers,Paul van Tieghemlaan 27A,Gent,Vlaanderen,9030,,51.076898,3.6819291,False,,,,,,,,,,,,,,,,,,,,,,,,,,,,,,,,,,,,,,,,,,,,,,,,,,,,,,,,,,,,,,,,,,,,,,,,,,,,,,,,30350
351,Jan Van Boxem,Laarstraat 17,Rumst,Vlaanderen,2840,,51.101086,4.4139103,False,,,,,,,,,,,,,,,,,,,,,,,,,,,,,,,,,,,,,,,,,,,,,,,,,,,,,,,,,,,,,,,,,,,,,,,,,,,,,,,,30351
352,Javaux,Rue de Rocroi 20,Walcourt,Wallonie,5650,,50.2606225,4.5076394,False,,,,,,,,,,,,,,,,,,,,,,,,,,,,,,,,,,,,,,,,,,,,,,,,,,,,,,,,,,,,,,,,,,,,,,,,,,,,,,,,30352
353,Katrien Keppens,Zuidstraat 55,Roeselare,Vlaanderen,8800,,50.9418017,3.1246979,False,,,,,,,,,,,,,,,,,,,,,,,,,,,,,,,,,,,,,,,,,,,,,,,,,,,,,,,,,,,,,,,,,,,,,,,,,,,,,,,,30353
354,Kinesitherapeut Beyaert,Dorp 38,Nazareth,Vlaanderen,9810,,50.9598055,3.5954676,False,,,,,,,,,,,,,,,,,,,,,,,,,,,,,,,,,,,,,,,,,,,,,,,,,,,,,,,,,,,,,,,,,,,,,,,,,,,,,,,,30354
355,Kinesitherapie Lucia Vanden Eynde,Tiensesteenweg 350,Bierbeek,Vlaanderen,3360,+32 479 48 61 95,50.8532576,4.8008946,False,,,,,,,,,,,,,,,,,,,,,,,,,,,,,,,,,,,,,,,,,,,,,,,,,,,,,,,,,,,,,,,,,,,,,,,,,,,,,,,,30355
356,Kiné Isabelle Pochet,Rue de Glimes 7,Ramillies,Wallonie,1367,+32 10 816 907;+32 472 92 19 55,50.6907263,4.8790194,False,,,,,,,,,,,,,,,,,,,,,,,,,,,,,,,,,,,,,,,,,,,,,,,,,,,,,,,,,,,,,,,,,,,,,,,,,,,,,,,,30356
357,Kinésithérapie,Rue des Fougères 37,Montigny-le-Tilleul,Wallonie,6110,,50.3713098,4.3604504,False,,,,,,,,,,,,,,,,,,,,,,,,,,,,,,,,,,,,,,,,,,,,,,,,,,,,,,,,,,,,,,,,,,,,,,,,,,,,,,,,30357
358,L. Raport,Hertenstraat 9D,Wellen,Vlaanderen,3831,+32 12 74 31 85,50.8338779,5.3354712,False,,,,,,,,,,,,,,,,,,,,,,,,,,,,,,,,,,,,,,,,,,,,,,,,,,,,,,,,,,,,,,,,,,,,,,,,,,,,,,,,30358
359,Le Bureau Médical,Rue Bureau 72,Fléron,Wallonie,4620,,50.6132071,5.6952155,False,,,,,,,,,,,,,,,,,,,,,,,,,,,,,,,,,,,,,,,,,,,,,,,,,,,,,,,,,,,,,,,,,,,,,,,,,,,,,,,,30359
360,Le Polain M.,,Braine-le-Château,Wallonie,1440,+32 2 366 18 17,50.6783529,4.2654836,False,,,,,,,,,,,,,,,,,,,,,,,,,,,,,,,,,,,,,,,,,,,,,,,,,,,,,,,,,,,,,,,,,,,,,,,,,,,,,,,,30360
361,Lieve Coene,Emile Van Arenberghstraat 11,Leuven,Vlaanderen,3000,+32 16 23 15 73,50.8704398,4.7012315,False,,,,,,,,,,,,,,,,,,,,,,,,,,,,,,,,,,,,,,,,,,,,,,,,,,,,,,,,,,,,,,,,,,,,,,,,,,,,,,,,30361
362,Lieve Sevenants,,Aarschot,Vlaanderen,3200,,50.9953855,4.8287885,False,,,,,,,,,,,,,,,,,,,,,,,,,,,,,,,,,,,,,,,,,,,,,,,,,,,,,,,,,,,,,,,,,,,,,,,,,,,,,,,,30362
363,Linden en Van Torhout,Koning Albert I-laan 25,Roeselare,Vlaanderen,8800,,50.9433695,3.1324334,False,,,,,,,,,,,,,,,,,,,,,,,,,,,,,,,,,,,,,,,,,,,,,,,,,,,,,,,,,,,,,,,,,,,,,,,,,,,,,,,,30363
364,Luc Peeters,Paulusstraat 2,Brasschaat,Vlaanderen,2930,,51.2986083,4.4699416,False,,,,,,,,,,,,,,,,,,,,,,,,,,,,,,,,,,,,,,,,,,,,,,,,,,,,,,,,,,,,,,,,,,,,,,,,,,,,,,,,30364
365,M. Degraeve,Rijselstraat 10,Roeselare,Vlaanderen,8800,,50.9409362,3.1232017,False,,,,,,,,,,,,,,,,,,,,,,,,,,,,,,,,,,,,,,,,,,,,,,,,,,,,,,,,,,,,,,,,,,,,,,,,,,,,,,,,30365
366,M. Haspeslagh,Veldstraat 27,Roeselare,Vlaanderen,8800,,50.9420692,3.1297001,False,,,,,,,,,,,,,,,,,,,,,,,,,,,,,,,,,,,,,,,,,,,,,,,,,,,,,,,,,,,,,,,,,,,,,,,,,,,,,,,,30366
367,M. Terryn,Sint-Alfonsusstraat 11,Roeselare,Vlaanderen,8800,,50.9456084,3.1271368,False,,,,,,,,,,,,,,,,,,,,,,,,,,,,,,,,,,,,,,,,,,,,,,,,,,,,,,,,,,,,,,,,,,,,,,,,,,,,,,,,30367
368,MMS Maison Médicale de Spécialistes,Chaussée de Tirlemont 218D,Jodoigne,Wallonie,1370,,50.7365502,4.881227,False,,,,,,,,,,,,,,,,,,,,,,,,,,,,,,,,,,,,,,,,,,,,,,,,,,,,,,,,,,,,,,,,,,,,,,,,,,,,,,,,30368
369,Maison Médicale,Rue de l'Harmonie 106,Ohey,Wallonie,5350,+32 85 61 10 73,50.4369332,5.1211568,False,,,,,,,,,,,,,,,,,,,,,,,,,,,,,,,,,,,,,,,,,,,,,,,,,,,,,,,,,,,,,,,,,,,,,,,,,,,,,,,,30369
370,Maison Médicale,,Mons,Wallonie,7011,,50.4758767,3.905019,False,,,,,,,,,,,,,,,,,,,,,,,,,,,,,,,,,,,,,,,,,,,,,,,,,,,,,,,,,,,,,,,,,,,,,,,,,,,,,,,,30370
371,Maison médicale Couleurs Santé,Chaussée de Boondael - Boondaalse Steenweg 206,Elsene,,1050,,50.8215568,4.3801058,False,,,,,,,,,,,,,,,,,,,,,,,,,,,,,,,,,,,,,,,,,,,,,,,,,,,,,,,,,,,,,,,,,,,,,,,,,,,,,,,,30371
372,Malle terre Centre Medical,Grand-Route 75,Huy,Wallonie,4500,,50.5303168,5.2619205,False,,,,,,,,,,,,,,,,,,,,,,,,,,,,,,,,,,,,,,,,,,,,,,,,,,,,,,,,,,,,,,,,,,,,,,,,,,,,,,,,30372
373,Marinus Bart,de Ghellincklaan 1,Herentals,Vlaanderen,2200,,51.1396433,4.8371759,False,,,,,,,,,,,,,,,,,,,,,,,,,,,,,,,,,,,,,,,,,,,,,,,,,,,,,,,,,,,,,,,,,,,,,,,,,,,,,,,,30373
374,Marsic,Avenue de la Résistance 238,Soumagne,Wallonie,4630,,50.6309151,5.7336469,False,,,,,,,,,,,,,,,,,,,,,,,,,,,,,,,,,,,,,,,,,,,,,,,,,,,,,,,,,,,,,,,,,,,,,,,,,,,,,,,,30374
375,Maudens,,Wetteren,Vlaanderen,9230,,51.0009425,3.889686,False,,,,,,,,,,,,,,,,,,,,,,,,,,,,,,,,,,,,,,,,,,,,,,,,,,,,,,,,,,,,,,,,,,,,,,,,,,,,,,,,30375
376,Medecins Generalistes Reunis SPRLU,Rue des Capucines 3,Seraing,Wallonie,4102,+32 4 336 13 03,50.5881123,5.5423654,False,,,,,,,,,,,,,,,,,,,,,,,,,,,,,,,,,,,,,,,,,,,,,,,,,,,,,,,,,,,,,,,,,,,,,,,,,,,,,,,,30376
377,Medic S.P.R.L.U,Route de Gembloux 195,Eghezée,Wallonie,5310,,50.5987669,4.8455368,False,,,,,,,,,,,,,,,,,,,,,,,,,,,,,,,,,,,,,,,,,,,,,,,,,,,,,,,,,,,,,,,,,,,,,,,,,,,,,,,,30377
378,Medicentre Marc Thirion,Rue du Saivray 8A,Ciney,Wallonie,5590,,50.2517784,5.2015143,False,,,,,,,,,,,,,,,,,,,,,,,,,,,,,,,,,,,,,,,,,,,,,,,,,,,,,,,,,,,,,,,,,,,,,,,,,,,,,,,,30378
379,Médecine pour le Peuple,,Charleroi,Wallonie,6001,,50.3971385,4.4411477,False,,,,,,,,,,,,,,,,,,,,,,,,,,,,,,,,,,,,,,,,,,,,,,,,,,,,,,,,,,,,,,,,,,,,,,,,,,,,,,,,30379
380,Médimeuse,Rue du Fraichaux 5,Yvoir,Wallonie,5530,,50.3542426,4.904081,False,,,,,,,,,,,,,,,,,,,,,,,,,,,,,,,,,,,,,,,,,,,,,,,,,,,,,,,,,,,,,,,,,,,,,,,,,,,,,,,,30380
381,Oogart Knokke - Dr. Pinxten,Henry Van de Veldelaan 1,Knokke-Heist,Vlaanderen,8300,,51.3380584,3.2845785,False,,,,,,,,,,,,,,,,,,,,,,,,,,,,,,,,,,,,,,,,,,,,,,,,,,,,,,,,,,,,,,,,,,,,,,,,,,,,,,,,30381
382,Oogarts Seynaeve,Oostnieuwkerksesteenweg 53,Roeselare,Vlaanderen,8800,,50.9473771,3.1049499,False,,,,,,,,,,,,,,,,,,,,,,,,,,,,,,,,,,,,,,,,,,,,,,,,,,,,,,,,,,,,,,,,,,,,,,,,,,,,,,,,30382
383,Oogartsenpraktijk Alken,Meerdegatstraat 78A,Alken,Vlaanderen,3570,,50.8843188,5.314582,False,,,,,,,,,,,,,,,,,,,,,,,,,,,,,,,,,,,,,,,,,,,,,,,,,,,,,,,,,,,,,,,,,,,,,,,,,,,,,,,,30383
384,OrthoMedica,Astridlaan 114,Geraardsbergen,Vlaanderen,9500,,50.7796512,3.8719665,False,,,,,,,,,,,,,,,,,,,,,,,,,,,,,,,,,,,,,,,,,,,,,,,,,,,,,,,,,,,,,,,,,,,,,,,,,,,,,,,,30384
385,Osthéopathie,,Tubize,Wallonie,1480,,50.6945265,4.2038704,False,,,,,,,,,,,,,,,,,,,,,,,,,,,,,,,,,,,,,,,,,,,,,,,,,,,,,,,,,,,,,,,,,,,,,,,,,,,,,,,,30385
386,PRAKTIJKHUIS 94,nan 94,Herent,Vlaanderen,3020,,50.9045414,4.6212064,False,,,,,,,,,,,,,,,,,,,,,,,,,,,,,,,,,,,,,,,,,,,,,,,,,,,,,,,,,,,,,,,,,,,,,,,,,,,,,,,,30386
387,Paridaens,Kardinaal Cardijnstraat 25,Rumst,Vlaanderen,2840,,51.0796276,4.3979516,False,,,,,,,,,,,,,,,,,,,,,,,,,,,,,,,,,,,,,,,,,,,,,,,,,,,,,,,,,,,,,,,,,,,,,,,,,,,,,,,,30387
388,Paule Janssens,Avenue des Nations-Unies 71,Waterloo,Wallonie,1410,+32 2 354 99 43,50.729547,4.3837963,False,,,,,,,,,,,,,,,,,,,,,,,,,,,,,,,,,,,,,,,,,,,,,,,,,,,,,,,,,,,,,,,,,,,,,,,,,,,,,,,,30388
389,Peeters Johan,Polderkenslaan 19,Gent,Vlaanderen,9030,,51.0824808,3.6713135,False,,,,,,,,,,,,,,,,,,,,,,,,,,,,,,,,,,,,,,,,,,,,,,,,,,,,,,,,,,,,,,,,,,,,,,,,,,,,,,,,30389
390,Ph Williams,Hazeschransstraat 2,Edegem,Vlaanderen,2650,,51.1652529,4.4259525,False,,,,,,,,,,,,,,,,,,,,,,,,,,,,,,,,,,,,,,,,,,,,,,,,,,,,,,,,,,,,,,,,,,,,,,,,,,,,,,,,30390
391,Ph. Jacques - A. Robert,,Ham-sur-Heure-Nalinnes,Wallonie,6120,,50.3230856,4.3837698,False,,,,,,,,,,,,,,,,,,,,,,,,,,,,,,,,,,,,,,,,,,,,,,,,,,,,,,,,,,,,,,,,,,,,,,,,,,,,,,,,30391
392,Philip Noyez,Hooiland 9,Gent,Vlaanderen,9030,,51.0828477,3.6725817,False,,,,,,,,,,,,,,,,,,,,,,,,,,,,,,,,,,,,,,,,,,,,,,,,,,,,,,,,,,,,,,,,,,,,,,,,,,,,,,,,30392
393,Pierre Canivet,Rue de la Brasserie 4,Assesse,Wallonie,5330,,50.3697398,5.0254143,False,,,,,,,,,,,,,,,,,,,,,,,,,,,,,,,,,,,,,,,,,,,,,,,,,,,,,,,,,,,,,,,,,,,,,,,,,,,,,,,,30393
394,Pierre-Yves Devresse,Rue de Mianoye 29,Yvoir,Wallonie,5530,,50.3381835,4.9845683,False,,,,,,,,,,,,,,,,,,,,,,,,,,,,,,,,,,,,,,,,,,,,,,,,,,,,,,,,,,,,,,,,,,,,,,,,,,,,,,,,30394
395,Pieter Lievens,Ommegangstraat 4,Aalter,Vlaanderen,9881,,51.0860116,3.4882438,False,,,,,,,,,,,,,,,,,,,,,,,,,,,,,,,,,,,,,,,,,,,,,,,,,,,,,,,,,,,,,,,,,,,,,,,,,,,,,,,,30395
396,Planning Familial,Rue d'Omalius 9,Ciney,Wallonie,5590,+32 83 22 07 07,50.2949613,5.0988911,False,,,,,,,,,,,,,,,,,,,,,,,,,,,,,,,,,,,,,,,,,,,,,,,,,,,,,,,,,,,,,,,,,,,,,,,,,,,,,,,,30396
397,Planning familial,Cours de Troisfontaines 31,Ottignies-Louvain-la-Neuve,Wallonie,1348,,50.6764969,4.6213737,False,,,,,,,,,,,,,,,,,,,,,,,,,,,,,,,,,,,,,,,,,,,,,,,,,,,,,,,,,,,,,,,,,,,,,,,,,,,,,,,,30397
398,Poste médical de garde de Dinant,,Dinant,Wallonie,5500,,50.2643301,4.9433036,False,,,,,,,,,,,,,,,,,,,,,,,,,,,,,,,,,,,,,,,,,,,,,,,,,,,,,,,,,,,,,,,,,,,,,,,,,,,,,,,,30398
399,Potvin,Nieuwstraat 133,Rumst,Vlaanderen,2840,,51.0791348,4.3994855,False,,,,,,,,,,,,,,,,,,,,,,,,,,,,,,,,,,,,,,,,,,,,,,,,,,,,,,,,,,,,,,,,,,,,,,,,,,,,,,,,30399
400,Praktijk De Becker,Martelarenstraat 118,Vilvoorde,Vlaanderen,1800,+32 2 252 18 44,50.9301594,4.4604892,False,,,,,,,,,,,,,,,,,,,,,,,,,,,,,,,,,,,,,,,,,,,,,,,,,,,,,,,,,,,,,,,,,,,,,,,,,,,,,,,,30400
401,Praktijkhuis Baarle,Pastoor Van Herdegomstraat 17,Baarle-Nassau,,5111,,51.4407999,4.9287829,False,,,,,,,,,,,,,,,,,,,,,,,,,,,,,,,,,,,,,,,,,,,,,,,,,,,,,,,,,,,,,,,,,,,,,,,,,,,,,,,,30401
402,Radiologie Dr. Danneels,Molenstraat 102,Roeselare,Vlaanderen,8800,,50.9421937,3.1156183,False,,,,,,,,,,,,,,,,,,,,,,,,,,,,,,,,,,,,,,,,,,,,,,,,,,,,,,,,,,,,,,,,,,,,,,,,,,,,,,,,30402
403,Raes-Roex,Larkenstraat 34,Oudsbergen,Vlaanderen,3670,,51.1054544,5.5561278,False,,,,,,,,,,,,,,,,,,,,,,,,,,,,,,,,,,,,,,,,,,,,,,,,,,,,,,,,,,,,,,,,,,,,,,,,,,,,,,,,30403
404,RespiLiège,Rue Destriveaux 1,Liège,Wallonie,4000,,50.6348439,5.5579883,False,,,,,,,,,,,,,,,,,,,,,,,,,,,,,,,,,,,,,,,,,,,,,,,,,,,,,,,,,,,,,,,,,,,,,,,,,,,,,,,,30404
405,Schutz Sarah,Rue d'Omalius 30,Liège,Wallonie,4000,,50.6344194,5.5582484,False,,,,,,,,,,,,,,,,,,,,,,,,,,,,,,,,,,,,,,,,,,,,,,,,,,,,,,,,,,,,,,,,,,,,,,,,,,,,,,,,30405
406,Sophie Jacquart,Rue Pays de Liège 3A,Yvoir,Wallonie,5530,,50.3388278,4.9827777,False,,,,,,,,,,,,,,,,,,,,,,,,,,,,,,,,,,,,,,,,,,,,,,,,,,,,,,,,,,,,,,,,,,,,,,,,,,,,,,,,30406
407,Terwagne/Baudouin,nan 85,Couvin,Wallonie,5660,,50.0530651,4.4930314,False,,,,,,,,,,,,,,,,,,,,,,,,,,,,,,,,,,,,,,,,,,,,,,,,,,,,,,,,,,,,,,,,,,,,,,,,,,,,,,,,30407
408,Toussaint Paul,Rue de Fexhe-Slins 160,Oupeye,Wallonie,4680,,50.7167831,5.5995176,False,,,,,,,,,,,,,,,,,,,,,,,,,,,,,,,,,,,,,,,,,,,,,,,,,,,,,,,,,,,,,,,,,,,,,,,,,,,,,,,,30408
409,Uyttersprot,Rumbeeksesteenweg 235,Roeselare,Vlaanderen,8800,+32 51 20 89 89,50.9386658,3.1344636,False,,,,,,,,,,,,,,,,,,,,,,,,,,,,,,,,,,,,,,,,,,,,,,,,,,,,,,,,,,,,,,,,,,,,,,,,,,,,,,,,30409
410,Van 't Sestich,Van 't Sestichstraat 8,Leuven,Vlaanderen,3000,,50.8725008,4.7026154,False,,,,,,,,,,,,,,,,,,,,,,,,,,,,,,,,,,,,,,,,,,,,,,,,,,,,,,,,,,,,,,,,,,,,,,,,,,,,,,,,30410
411,Van Holsbeek,Meensesteenweg 177,Roeselare,Vlaanderen,8800,,50.9370627,3.1213772,False,,,,,,,,,,,,,,,,,,,,,,,,,,,,,,,,,,,,,,,,,,,,,,,,,,,,,,,,,,,,,,,,,,,,,,,,,,,,,,,,30411
412,Van Renterghem,Pinksterbloemstraat 6,Gent,Vlaanderen,9030,,51.0819338,3.6845679,False,,,,,,,,,,,,,,,,,,,,,,,,,,,,,,,,,,,,,,,,,,,,,,,,,,,,,,,,,,,,,,,,,,,,,,,,,,,,,,,,30412
413,Vanvyve - Wautier,Chaussée de Chastre 50,Sombreffe,Wallonie,5140,,50.5330267,4.5980624,False,,,,,,,,,,,,,,,,,,,,,,,,,,,,,,,,,,,,,,,,,,,,,,,,,,,,,,,,,,,,,,,,,,,,,,,,,,,,,,,,30413
414,Varendries,Eikvarenweg nan,Gent,Vlaanderen,9031,,51.0482151,3.638975,False,,,,,,,,,,,,,,,,,,,,,,,,,,,,,,,,,,,,,,,,,,,,,,,,,,,,,,,,,,,,,,,,,,,,,,,,,,,,,,,,30414
415,Verhaeghe,Ommegang Zuid 2,Staden,Vlaanderen,8840,,50.9297445,3.0146639,False,,,,,,,,,,,,,,,,,,,,,,,,,,,,,,,,,,,,,,,,,,,,,,,,,,,,,,,,,,,,,,,,,,,,,,,,,,,,,,,,30415
416,Vermeersch,Meensesteenweg 101,Roeselare,Vlaanderen,8800,,50.938991,3.1218716,False,,,,,,,,,,,,,,,,,,,,,,,,,,,,,,,,,,,,,,,,,,,,,,,,,,,,,,,,,,,,,,,,,,,,,,,,,,,,,,,,30416
417,Vileyn,Kerkstraat 200,Blankenberge,Vlaanderen,8370,+32 50 41 31 79,51.3092171,3.1365332,False,,,,,,,,,,,,,,,,,,,,,,,,,,,,,,,,,,,,,,,,,,,,,,,,,,,,,,,,,,,,,,,,,,,,,,,,,,,,,,,,30417
418,Villa Medica,Hoek 15-17,Rijkevorsel,Vlaanderen,2310,,51.3473339,4.7599912,False,,,,,,,,,,,,,,,,,,,,,,,,,,,,,,,,,,,,,,,,,,,,,,,,,,,,,,,,,,,,,,,,,,,,,,,,,,,,,,,,30418
419,William Sterckx,Stanislas De Rijcklaan 30,Leuven,Vlaanderen,3001,+32 16 20 32 81,50.8655389,4.6988263,False,,,,,,,,,,,,,,,,,,,,,,,,,,,,,,,,,,,,,,,,,,,,,,,,,,,,,,,,,,,,,,,,,,,,,,,,,,,,,,,,30419
420,Zorgpunt,nan 1E-H,Koekelare,Vlaanderen,8680,,51.0917626,2.9800242,False,,,,,,,,,,,,,,,,,,,,,,,,,,,,,,,,,,,,,,,,,,,,,,,,,,,,,,,,,,,,,,,,,,,,,,,,,,,,,,,,30420
421,dr. Logghe,Weststraat 55A,Roeselare,Vlaanderen,8800,,50.9487552,3.1144976,False,,,,,,,,,,,,,,,,,,,,,,,,,,,,,,,,,,,,,,,,,,,,,,,,,,,,,,,,,,,,,,,,,,,,,,,,,,,,,,,,30421
422,dr. Muliez,Hugo Verrieststraat 10,Roeselare,Vlaanderen,8800,,50.9495319,3.1250196,False,,,,,,,,,,,,,,,,,,,,,,,,,,,,,,,,,,,,,,,,,,,,,,,,,,,,,,,,,,,,,,,,,,,,,,,,,,,,,,,,30422
423,dr. Vanhemel,Boerenkrijglaan 24,Olen,Vlaanderen,2250,,51.1415353,4.8662347,False,,,,,,,,,,,,,,,,,,,,,,,,,,,,,,,,,,,,,,,,,,,,,,,,,,,,,,,,,,,,,,,,,,,,,,,,,,,,,,,,30423
424,gezondr.,Adriaen Willaertstraat 17,Roeselare,Vlaanderen,8800,,50.9501136,3.1213891,False,,,,,,,,,,,,,,,,,,,,,,,,,,,,,,,,,,,,,,,,,,,,,,,,,,,,,,,,,,,,,,,,,,,,,,,,,,,,,,,,30424
425,vzw ELG De Piramide,Vander Merschplein 10,Menen,Vlaanderen,8930,,50.7988067,3.120079,False,,,,,,,,,,,,,,,,,,,,,,,,,,,,,,,,,,,,,,,,,,,,,,,,,,,,,,,,,,,,,,,,,,,,,,,,,,,,,,,,30425
426,Érasme CMGU,Lenniksebaan 808,Anderlecht,,1070,,50.8137389,4.2640162,False,,,,,,,,,,,,,,,,,,,,,,,,,,,,,,,,,,,,,,,,,,,,,,,,,,,,,,,,,,,,,,,,,,,,,,,,,,,,,,,,30426
